-- MySQL dump 10.13  Distrib 8.0.28, for Win64 (x86_64)
--
-- Host: localhost    Database: hoppy_hour_dev
-- ------------------------------------------------------
-- Server version	8.0.28

/*!40101 SET @OLD_CHARACTER_SET_CLIENT=@@CHARACTER_SET_CLIENT */;
/*!40101 SET @OLD_CHARACTER_SET_RESULTS=@@CHARACTER_SET_RESULTS */;
/*!40101 SET @OLD_COLLATION_CONNECTION=@@COLLATION_CONNECTION */;
/*!50503 SET NAMES utf8 */;
/*!40103 SET @OLD_TIME_ZONE=@@TIME_ZONE */;
/*!40103 SET TIME_ZONE='+00:00' */;
/*!40014 SET @OLD_UNIQUE_CHECKS=@@UNIQUE_CHECKS, UNIQUE_CHECKS=0 */;
/*!40014 SET @OLD_FOREIGN_KEY_CHECKS=@@FOREIGN_KEY_CHECKS, FOREIGN_KEY_CHECKS=0 */;
/*!40101 SET @OLD_SQL_MODE=@@SQL_MODE, SQL_MODE='NO_AUTO_VALUE_ON_ZERO' */;
/*!40111 SET @OLD_SQL_NOTES=@@SQL_NOTES, SQL_NOTES=0 */;

use heroku_170fa495f0ce072;

--
-- Table structure for table `brewed`
--

DROP TABLE IF EXISTS `brewed`;
/*!40101 SET @saved_cs_client     = @@character_set_client */;
/*!50503 SET character_set_client = utf8 */;
CREATE TABLE `brewed` (
  `id` bigint NOT NULL AUTO_INCREMENT,
  `created_date` datetime(6) DEFAULT NULL,
  `recipe_id` bigint DEFAULT NULL,
  `user_id` bigint DEFAULT NULL,
  PRIMARY KEY (`id`),
  KEY `FK1h2d47mrfgehy58g7xmt4sei1` (`recipe_id`),
  KEY `FKmu8q1mr4wtj5lgb872ftyyiah` (`user_id`),
  CONSTRAINT `FK1h2d47mrfgehy58g7xmt4sei1` FOREIGN KEY (`recipe_id`) REFERENCES `recipe` (`id`),
  CONSTRAINT `FKmu8q1mr4wtj5lgb872ftyyiah` FOREIGN KEY (`user_id`) REFERENCES `user` (`id`)
) ENGINE=InnoDB AUTO_INCREMENT=34 DEFAULT CHARSET=utf8 COLLATE=utf8_general_ci;
/*!40101 SET character_set_client = @saved_cs_client */;

--
-- Dumping data for table `brewed`
--

LOCK TABLES `brewed` WRITE;
/*!40000 ALTER TABLE `brewed` DISABLE KEYS */;
INSERT INTO `brewed` VALUES (1,'2022-04-05 07:20:33.547000',1,1),(2,'2022-04-05 07:20:33.552000',1,1),(3,'2022-04-05 07:20:33.554000',1,1),(4,'2022-04-05 07:20:34.270000',2,2),(5,'2022-04-05 07:20:34.272000',2,2),(6,'2022-04-05 07:20:34.274000',2,2),(7,'2022-04-05 07:20:34.889000',3,3),(8,'2022-04-05 07:20:34.892000',3,3),(9,'2022-04-05 07:20:34.894000',3,3),(10,'2022-04-05 07:20:35.467000',4,4),(11,'2022-04-05 07:20:35.469000',4,4),(12,'2022-04-05 07:20:35.470000',4,4),(13,'2022-04-05 07:20:36.073000',5,5),(14,'2022-04-05 07:20:36.075000',5,5),(15,'2022-04-05 07:20:36.076000',5,5),(16,'2022-04-05 07:20:36.613000',6,6),(17,'2022-04-05 07:20:36.615000',6,6),(18,'2022-04-05 07:20:36.616000',6,6),(19,'2022-04-05 07:20:37.164000',7,7),(20,'2022-04-05 07:20:37.166000',7,7),(21,'2022-04-05 07:20:37.167000',7,7),(22,'2022-04-05 07:20:37.738000',8,8),(23,'2022-04-05 07:20:37.741000',8,8),(24,'2022-04-05 07:20:37.742000',8,8),(25,'2022-04-05 07:20:38.327000',9,9),(26,'2022-04-05 07:20:38.329000',9,9),(27,'2022-04-05 07:20:38.330000',9,9),(28,'2022-04-05 07:20:38.873000',10,10),(29,'2022-04-05 07:20:38.874000',10,10),(30,'2022-04-05 07:20:38.875000',10,10),(31,'2022-04-05 07:20:39.408000',11,11),(32,'2022-04-05 07:20:39.410000',11,11),(33,'2022-04-05 07:20:39.411000',11,11);
/*!40000 ALTER TABLE `brewed` ENABLE KEYS */;
UNLOCK TABLES;

--
-- Table structure for table `brewing`
--

DROP TABLE IF EXISTS `brewing`;
/*!40101 SET @saved_cs_client     = @@character_set_client */;
/*!50503 SET character_set_client = utf8 */;
CREATE TABLE `brewing` (
  `id` bigint NOT NULL AUTO_INCREMENT,
  `created_date` datetime(6) DEFAULT NULL,
  `recipe_id` bigint DEFAULT NULL,
  `user_id` bigint DEFAULT NULL,
  PRIMARY KEY (`id`),
  KEY `FKoq2c96v3s4ugfrel6l0nd3k7v` (`recipe_id`),
  KEY `FK12dt4my2xpemrlelsogoqks8t` (`user_id`),
  CONSTRAINT `FK12dt4my2xpemrlelsogoqks8t` FOREIGN KEY (`user_id`) REFERENCES `user` (`id`),
  CONSTRAINT `FKoq2c96v3s4ugfrel6l0nd3k7v` FOREIGN KEY (`recipe_id`) REFERENCES `recipe` (`id`)
) ENGINE=InnoDB AUTO_INCREMENT=34 DEFAULT CHARSET=utf8 COLLATE=utf8_general_ci;
/*!40101 SET character_set_client = @saved_cs_client */;

--
-- Dumping data for table `brewing`
--

LOCK TABLES `brewing` WRITE;
/*!40000 ALTER TABLE `brewing` DISABLE KEYS */;
INSERT INTO `brewing` VALUES (1,'2022-04-05 07:20:33.485000',1,1),(2,'2022-04-05 07:20:33.490000',1,1),(3,'2022-04-05 07:20:33.492000',1,1),(4,'2022-04-05 07:20:34.213000',2,2),(5,'2022-04-05 07:20:34.215000',2,2),(6,'2022-04-05 07:20:34.217000',2,2),(7,'2022-04-05 07:20:34.835000',3,3),(8,'2022-04-05 07:20:34.839000',3,3),(9,'2022-04-05 07:20:34.840000',3,3),(10,'2022-04-05 07:20:35.416000',4,4),(11,'2022-04-05 07:20:35.418000',4,4),(12,'2022-04-05 07:20:35.420000',4,4),(13,'2022-04-05 07:20:36.026000',5,5),(14,'2022-04-05 07:20:36.028000',5,5),(15,'2022-04-05 07:20:36.029000',5,5),(16,'2022-04-05 07:20:36.568000',6,6),(17,'2022-04-05 07:20:36.569000',6,6),(18,'2022-04-05 07:20:36.571000',6,6),(19,'2022-04-05 07:20:37.120000',7,7),(20,'2022-04-05 07:20:37.122000',7,7),(21,'2022-04-05 07:20:37.123000',7,7),(22,'2022-04-05 07:20:37.688000',8,8),(23,'2022-04-05 07:20:37.690000',8,8),(24,'2022-04-05 07:20:37.691000',8,8),(25,'2022-04-05 07:20:38.283000',9,9),(26,'2022-04-05 07:20:38.285000',9,9),(27,'2022-04-05 07:20:38.286000',9,9),(28,'2022-04-05 07:20:38.827000',10,10),(29,'2022-04-05 07:20:38.829000',10,10),(30,'2022-04-05 07:20:38.831000',10,10),(31,'2022-04-05 07:20:39.367000',11,11),(32,'2022-04-05 07:20:39.368000',11,11),(33,'2022-04-05 07:20:39.369000',11,11);
/*!40000 ALTER TABLE `brewing` ENABLE KEYS */;
UNLOCK TABLES;

--
-- Table structure for table `comment`
--

DROP TABLE IF EXISTS `comment`;
/*!40101 SET @saved_cs_client     = @@character_set_client */;
/*!50503 SET character_set_client = utf8 */;
CREATE TABLE `comment` (
  `type` varchar(31) NOT NULL,
  `id` bigint NOT NULL,
  `body` text,
  `created_date` datetime(6) DEFAULT NULL,
  `updated_date` datetime(6) DEFAULT NULL,
  `version` bigint DEFAULT NULL,
  `recipe_id` bigint DEFAULT NULL,
  `user_id` bigint DEFAULT NULL,
  `reply_to` bigint DEFAULT NULL,
  PRIMARY KEY (`id`),
  KEY `FKe5i1rxybcm40jcn98fj1jmvit` (`recipe_id`),
  KEY `FK8kcum44fvpupyw6f5baccx25c` (`user_id`),
  KEY `FKlwswl1itgoh82b41xqkw7llai` (`reply_to`),
  CONSTRAINT `FK8kcum44fvpupyw6f5baccx25c` FOREIGN KEY (`user_id`) REFERENCES `user` (`id`),
  CONSTRAINT `FKe5i1rxybcm40jcn98fj1jmvit` FOREIGN KEY (`recipe_id`) REFERENCES `recipe` (`id`),
  CONSTRAINT `FKlwswl1itgoh82b41xqkw7llai` FOREIGN KEY (`reply_to`) REFERENCES `comment` (`id`)
) ENGINE=InnoDB DEFAULT CHARSET=utf8 COLLATE=utf8_general_ci;
/*!40101 SET character_set_client = @saved_cs_client */;

--
-- Dumping data for table `comment`
--

LOCK TABLES `comment` WRITE;
/*!40000 ALTER TABLE `comment` DISABLE KEYS */;
INSERT INTO `comment` VALUES ('comment',13,'Dolor itaque rem eveniet ut dolor. Corrupti quas optio optio non necessitatibus nam. Et et totam quis dolor quis.','2022-04-05 07:20:33.957000','2022-04-05 07:20:33.957000',0,1,1,NULL),('comment',14,'Ut ea incidunt quam repellat voluptas natus ducimus. Libero illum est dignissimos velit ab eum. Consequuntur maiores praesentium consequatur totam nulla.','2022-04-05 07:20:33.961000','2022-04-05 07:20:33.961000',0,1,1,NULL),('comment',15,'Dolores deleniti vero omnis esse iste consequuntur sunt. At sit illo consectetur omnis sit ut. Ratione rerum alias facilis et enim. Aut consequatur voluptates natus eos rerum.','2022-04-05 07:20:33.962000','2022-04-05 07:20:33.962000',0,1,1,NULL),('reply',16,'Odio praesentium est quidem temporibus nostrum. Sed impedit est animi dolores sunt sint. Aliquid vel magnam. Omnis et est animi laudantium est dolorem consequatur. Consequatur et sint dolorem veniam.','2022-04-05 07:20:33.998000','2022-04-05 07:20:33.998000',0,NULL,1,13),('reply',17,'At magnam magnam ut repudiandae ea eaque. Et omnis recusandae totam eum. Blanditiis reprehenderit minima.','2022-04-05 07:20:34.000000','2022-04-05 07:20:34.000000',0,NULL,1,13),('reply',18,'Quia autem similique dolorem. Officia quisquam a molestiae consequatur voluptas enim magnam. Ipsam nihil et quisquam qui.','2022-04-05 07:20:34.001000','2022-04-05 07:20:34.001000',0,NULL,1,13),('reply',19,'Nulla exercitationem distinctio. Aliquam veniam quae. Nesciunt rerum debitis. Quo id omnis deserunt soluta qui maiores ullam. Debitis cum aut magni nesciunt.','2022-04-05 07:20:34.038000','2022-04-05 07:20:34.038000',0,NULL,1,16),('reply',20,'Sed deserunt nihil quidem optio quia libero. Quia debitis iure magni atque. Odit corrupti neque corporis eum commodi. Ullam architecto quia inventore aut ab accusamus quaerat.','2022-04-05 07:20:34.040000','2022-04-05 07:20:34.040000',0,NULL,1,16),('reply',21,'Aut asperiores nihil dolor cupiditate debitis doloremque. Soluta animi autem. Ut aut aut. Minima nulla voluptatibus est laborum sed dolorem voluptas.','2022-04-05 07:20:34.042000','2022-04-05 07:20:34.042000',0,NULL,1,16),('comment',34,'Similique quibusdam quo. Qui minus et quos qui. Nobis illo est in explicabo. Ut vel magnam itaque tenetur vitae possimus molestiae.','2022-04-05 07:20:34.554000','2022-04-05 07:20:34.554000',0,2,2,NULL),('comment',35,'Eligendi qui distinctio eum nihil. Voluptas aut illum expedita omnis maiores quia nostrum. Id unde nobis sit harum blanditiis iure. Voluptas architecto alias ratione ullam odit nam.','2022-04-05 07:20:34.556000','2022-04-05 07:20:34.556000',0,2,2,NULL),('comment',36,'Sint animi quas modi dolores atque. Rerum laborum rerum. Sequi nesciunt tempora et ut minus a. Inventore dolor eius. Optio officia perferendis ipsam.','2022-04-05 07:20:34.557000','2022-04-05 07:20:34.557000',0,2,2,NULL),('reply',37,'Et ipsum accusamus atque. Libero vitae aut libero. Nobis velit aut quos dolore. Culpa consectetur vitae numquam a.','2022-04-05 07:20:34.605000','2022-04-05 07:20:34.605000',0,NULL,2,13),('reply',38,'Ut nisi accusantium qui. Quisquam eveniet ratione qui et. Porro eum rerum. Ducimus saepe amet esse consequuntur ad. Voluptatibus quisquam a aut fugit.','2022-04-05 07:20:34.607000','2022-04-05 07:20:34.607000',0,NULL,2,13),('reply',39,'Dicta corporis minus sequi nobis blanditiis perspiciatis sint. Reiciendis deleniti architecto debitis qui quas eaque ducimus. Voluptates minima eum nihil vel consequuntur. Autem eligendi velit et minima id ipsum odio. Ut ipsum sunt dignissimos.','2022-04-05 07:20:34.609000','2022-04-05 07:20:34.609000',0,NULL,2,13),('reply',40,'Quisquam saepe qui. Recusandae repudiandae explicabo natus voluptatem deleniti distinctio velit. Asperiores voluptatem saepe corrupti dolorem explicabo enim et.','2022-04-05 07:20:34.650000','2022-04-05 07:20:34.650000',0,NULL,2,16),('reply',41,'Et perferendis autem dicta consequuntur facere est aliquam. Quam quod est. Nam repellat quia aut est amet sit iure. Et dolores odit.','2022-04-05 07:20:34.652000','2022-04-05 07:20:34.652000',0,NULL,2,16),('reply',42,'Dignissimos dolor aut exercitationem porro. Nihil non ut quia. Dignissimos est autem reprehenderit asperiores.','2022-04-05 07:20:34.654000','2022-04-05 07:20:34.654000',0,NULL,2,16),('comment',55,'Earum eum quisquam ipsum placeat nihil eius. Cum tempora quisquam eos. Velit blanditiis blanditiis accusantium. Totam dolorum quo in. Tempore architecto dolor sed quas nihil.','2022-04-05 07:20:35.159000','2022-04-05 07:20:35.159000',0,3,3,NULL),('comment',56,'Facilis eos quisquam officiis animi culpa molestiae. Doloremque veritatis veritatis dignissimos commodi omnis in sit. Alias omnis nesciunt.','2022-04-05 07:20:35.163000','2022-04-05 07:20:35.163000',0,3,3,NULL),('comment',57,'Quisquam fugit aut nihil laboriosam. Qui nemo consequatur vitae. Quia dolorum earum. Quo qui ea iure iure. Autem perspiciatis ullam sunt repellat omnis.','2022-04-05 07:20:35.165000','2022-04-05 07:20:35.165000',0,3,3,NULL),('reply',58,'Nemo tempore rem eos praesentium expedita sunt voluptatem. Fugiat fugiat culpa et id. Assumenda suscipit beatae et. Officia perferendis eveniet voluptatum odit explicabo fugit. Et vel optio eos iure officiis.','2022-04-05 07:20:35.201000','2022-04-05 07:20:35.201000',0,NULL,3,13),('reply',59,'Omnis ea ut et quo velit veritatis explicabo. Repudiandae facilis quo quod fuga laudantium natus. Porro provident soluta voluptas aliquam qui. Eius sint quos. Asperiores quisquam exercitationem ea quam impedit.','2022-04-05 07:20:35.204000','2022-04-05 07:20:35.204000',0,NULL,3,13),('reply',60,'Doloremque aspernatur excepturi in nisi fuga. Iure quo consequatur velit assumenda. Placeat accusamus non voluptates. Corrupti ipsa doloremque ullam non officiis est animi.','2022-04-05 07:20:35.205000','2022-04-05 07:20:35.205000',0,NULL,3,13),('reply',61,'Ut id nam. Facere libero laborum dolore aut earum id. Veniam fugit ipsa deleniti molestiae perspiciatis. Eligendi quo ducimus.','2022-04-05 07:20:35.238000','2022-04-05 07:20:35.238000',0,NULL,3,16),('reply',62,'Sapiente eveniet pariatur est molestias dolor non distinctio. Soluta ullam omnis velit qui. In impedit occaecati. Molestiae quas dolore aliquid doloribus id.','2022-04-05 07:20:35.240000','2022-04-05 07:20:35.240000',0,NULL,3,16),('reply',63,'Qui architecto et facilis. Excepturi eos odit ut fugit saepe. Rem harum aperiam. Sunt dicta odit nisi enim voluptatem ea voluptates. Quo hic accusamus atque sit amet.','2022-04-05 07:20:35.241000','2022-04-05 07:20:35.241000',0,NULL,3,16),('comment',76,'Nostrum quia aspernatur praesentium pariatur consequatur aut. Nihil aut itaque iure minima ea. Deserunt aperiam non omnis magni reprehenderit deleniti libero. Quia aut minus. Nam voluptatum eum.','2022-04-05 07:20:35.761000','2022-04-05 07:20:35.761000',0,4,4,NULL),('comment',77,'Eius sunt nobis mollitia est consequuntur debitis praesentium. Sunt nihil maiores qui quos a sunt. Non quis facilis enim incidunt inventore. Necessitatibus aut maxime.','2022-04-05 07:20:35.765000','2022-04-05 07:20:35.765000',0,4,4,NULL),('comment',78,'Accusantium amet qui. Consequatur recusandae qui cumque consequatur perspiciatis ipsam ut. Nulla assumenda cupiditate tenetur pariatur sint. Sint ipsa minus. Est doloribus sed dolorem.','2022-04-05 07:20:35.767000','2022-04-05 07:20:35.767000',0,4,4,NULL),('reply',79,'Excepturi reiciendis voluptatum ea. Aut deleniti doloremque. Voluptates ducimus qui occaecati.','2022-04-05 07:20:35.814000','2022-04-05 07:20:35.814000',0,NULL,4,13),('reply',80,'Voluptas cupiditate numquam quia. Aliquid non officiis tenetur nostrum occaecati quo. Illo id odio dolorum. Ea voluptatem consequuntur.','2022-04-05 07:20:35.816000','2022-04-05 07:20:35.816000',0,NULL,4,13),('reply',81,'Ullam cumque dolorem. Et corporis dolorem eaque quia at cumque. Ipsam dolorem eos ut voluptatum dolorem deleniti.','2022-04-05 07:20:35.817000','2022-04-05 07:20:35.817000',0,NULL,4,13),('reply',82,'Sed consequatur ipsam labore. Et vitae culpa autem soluta. Asperiores voluptas et rerum porro delectus. Et vitae ab voluptas.','2022-04-05 07:20:35.855000','2022-04-05 07:20:35.855000',0,NULL,4,16),('reply',83,'Possimus cum quo rerum. Magnam deserunt est. Vel neque magnam expedita ratione maxime aut. Ut aut facilis velit quo esse rem quisquam. Omnis commodi exercitationem.','2022-04-05 07:20:35.857000','2022-04-05 07:20:35.857000',0,NULL,4,16),('reply',84,'Tempore illo quidem itaque accusamus occaecati pariatur vero. Nobis et perferendis eaque non. Hic quaerat molestiae ea pariatur. Consequatur quae repudiandae dolorum occaecati vitae vel doloribus. Ut ut et est.','2022-04-05 07:20:35.858000','2022-04-05 07:20:35.858000',0,NULL,4,16),('comment',97,'Excepturi ut eveniet fuga similique quibusdam rerum quo. Qui illo impedit odio dolorem pariatur deserunt doloremque. Doloribus voluptatem ea aut quibusdam adipisci eveniet deleniti.','2022-04-05 07:20:36.336000','2022-04-05 07:20:36.336000',0,5,5,NULL),('comment',98,'Autem similique et inventore. Fuga modi corrupti repellendus sapiente nemo sunt sed. Dolores cumque quasi.','2022-04-05 07:20:36.337000','2022-04-05 07:20:36.337000',0,5,5,NULL),('comment',99,'Autem harum vero rem eveniet. Unde corrupti enim. Officia possimus accusamus. Ut dolorem iusto omnis quo et fuga quisquam.','2022-04-05 07:20:36.338000','2022-04-05 07:20:36.338000',0,5,5,NULL),('reply',100,'Enim et occaecati nostrum. Cum vel sequi magnam est vel modi. Mollitia et rerum ipsam dolorem cupiditate dolores at. Enim est laborum.','2022-04-05 07:20:36.366000','2022-04-05 07:20:36.366000',0,NULL,5,13),('reply',101,'Tenetur dolor fugit quisquam cupiditate. Temporibus debitis ducimus. Blanditiis voluptates voluptatem autem rem. Quibusdam consectetur recusandae aut sunt minima nam incidunt. Id qui blanditiis exercitationem voluptas.','2022-04-05 07:20:36.368000','2022-04-05 07:20:36.368000',0,NULL,5,13),('reply',102,'Ratione provident omnis et facere qui iusto. Sunt aliquid sit. Sint at error.','2022-04-05 07:20:36.370000','2022-04-05 07:20:36.370000',0,NULL,5,13),('reply',103,'Nam recusandae ut reprehenderit. Dicta cumque rerum maiores nostrum architecto. Eos nobis adipisci rerum dignissimos illo.','2022-04-05 07:20:36.401000','2022-04-05 07:20:36.401000',0,NULL,5,16),('reply',104,'Quo reiciendis autem dicta recusandae impedit et. Est excepturi ut debitis. Magni aut tempore ut omnis. Voluptatem debitis odio quae eum id. Voluptatem vel accusamus quae maiores voluptas natus aut.','2022-04-05 07:20:36.403000','2022-04-05 07:20:36.403000',0,NULL,5,16),('reply',105,'Velit ad nulla eaque debitis. Autem est debitis. Architecto corporis esse. Sapiente at quos optio eligendi minima modi velit. Voluptatibus corporis dignissimos vel repellendus similique non.','2022-04-05 07:20:36.404000','2022-04-05 07:20:36.404000',0,NULL,5,16),('comment',118,'Qui minima rerum dolorem. Corrupti iste possimus illo accusamus reprehenderit aut. Dolore amet ea sit.','2022-04-05 07:20:36.886000','2022-04-05 07:20:36.886000',0,6,6,NULL),('comment',119,'Maiores magnam expedita consectetur veniam ratione. Praesentium voluptatem quia. Debitis rerum maxime.','2022-04-05 07:20:36.888000','2022-04-05 07:20:36.888000',0,6,6,NULL),('comment',120,'Saepe velit consequatur. Iure facere et beatae ut eius quisquam. Ex fugit fuga explicabo. Asperiores voluptas sint consequatur reiciendis libero debitis est.','2022-04-05 07:20:36.889000','2022-04-05 07:20:36.889000',0,6,6,NULL),('reply',121,'Nobis voluptas soluta ullam unde iste. Sit et velit corporis. Unde quasi culpa saepe. Soluta et et sit aperiam aspernatur. A aspernatur dolores odit animi qui dolorem aperiam.','2022-04-05 07:20:36.918000','2022-04-05 07:20:36.918000',0,NULL,6,13),('reply',122,'Aut doloremque atque et velit. Numquam minus quo harum tempore nobis. Neque libero voluptas necessitatibus reprehenderit. Enim ut adipisci.','2022-04-05 07:20:36.920000','2022-04-05 07:20:36.920000',0,NULL,6,13),('reply',123,'Eos voluptatibus incidunt placeat est quidem porro consequuntur. Repellat dolor ea optio ipsa. Harum quam aut voluptates sit voluptatibus illum et. Est laborum quos qui ut hic dolor. Nostrum occaecati eum pariatur eveniet numquam architecto tempore.','2022-04-05 07:20:36.921000','2022-04-05 07:20:36.921000',0,NULL,6,13),('reply',124,'Quaerat culpa nihil dolor voluptas. Molestias voluptate id hic sit velit voluptates omnis. Neque laudantium id dignissimos eius et.','2022-04-05 07:20:36.953000','2022-04-05 07:20:36.953000',0,NULL,6,16),('reply',125,'Sed iure voluptatem omnis. Qui aliquam quod ab ut. Consequatur possimus aut. Rerum qui sunt dignissimos dolor.','2022-04-05 07:20:36.954000','2022-04-05 07:20:36.954000',0,NULL,6,16),('reply',126,'Fugit aut est. Nobis sed suscipit praesentium ducimus in. Officia ipsam odit. Tempora inventore consequatur. Molestiae fuga est repellat est.','2022-04-05 07:20:36.955000','2022-04-05 07:20:36.955000',0,NULL,6,16),('comment',139,'Enim quia ut quam autem. Et molestiae est vel. Dolorem vero accusantium.','2022-04-05 07:20:37.424000','2022-04-05 07:20:37.424000',0,7,7,NULL),('comment',140,'Modi nisi accusantium ratione mollitia. Ex officiis nemo rerum eveniet tenetur quaerat. Impedit quis autem repellendus. Dolorem aspernatur quis et recusandae.','2022-04-05 07:20:37.426000','2022-04-05 07:20:37.426000',0,7,7,NULL),('comment',141,'Dolores officiis impedit commodi doloremque. Quasi at nobis tempore. Et modi non fuga. Nihil repellendus aut soluta adipisci omnis.','2022-04-05 07:20:37.427000','2022-04-05 07:20:37.427000',0,7,7,NULL),('reply',142,'Ipsam consequatur illo occaecati accusamus. Nulla quis voluptate sit. Voluptatem saepe minima quis. Molestiae reprehenderit earum aliquid est.','2022-04-05 07:20:37.460000','2022-04-05 07:20:37.460000',0,NULL,7,13),('reply',143,'Tempore tempore pariatur. Laborum quis voluptatem deleniti veniam aspernatur. Vero beatae similique sunt. Et molestiae nihil voluptatum qui.','2022-04-05 07:20:37.462000','2022-04-05 07:20:37.462000',0,NULL,7,13),('reply',144,'Et iste magnam. Ex distinctio nisi iure. Quia voluptate soluta est ut rerum est.','2022-04-05 07:20:37.464000','2022-04-05 07:20:37.464000',0,NULL,7,13),('reply',145,'Non tempore necessitatibus sit veniam. Sed id repellat voluptatum officia autem facere eligendi. Accusamus culpa libero eum quo. Quia debitis quis facilis. Architecto harum labore minima aut quibusdam sed.','2022-04-05 07:20:37.518000','2022-04-05 07:20:37.518000',0,NULL,7,16),('reply',146,'Non dolores velit voluptas. Vel asperiores aut et quam fugit aut. Et odio aut inventore impedit.','2022-04-05 07:20:37.520000','2022-04-05 07:20:37.520000',0,NULL,7,16),('reply',147,'Aut tempora nihil saepe porro. Et sed laudantium aperiam voluptates. Modi blanditiis ad quo dolor nobis id.','2022-04-05 07:20:37.522000','2022-04-05 07:20:37.522000',0,NULL,7,16),('comment',160,'Quas exercitationem repellendus animi. Ut aut praesentium quae neque. Et nesciunt officiis quia quod ipsum reiciendis.','2022-04-05 07:20:38.044000','2022-04-05 07:20:38.044000',0,8,8,NULL),('comment',161,'Nesciunt veniam mollitia. At expedita ea est modi accusantium delectus suscipit. Ab omnis itaque et dolores aut. Aut repellat qui qui qui.','2022-04-05 07:20:38.046000','2022-04-05 07:20:38.046000',0,8,8,NULL),('comment',162,'Et harum voluptatem impedit. Maxime et itaque incidunt unde voluptatem aut. Earum rerum rem ab deleniti voluptate omnis. Aut quas consequatur quas ratione voluptatem sit est.','2022-04-05 07:20:38.047000','2022-04-05 07:20:38.047000',0,8,8,NULL),('reply',163,'Vitae sequi repellat delectus at. Et ut quia error at quos voluptatum. Repellat nesciunt cum rem qui omnis quis eum. Dolores alias consectetur perferendis consequuntur voluptatem nemo natus.','2022-04-05 07:20:38.080000','2022-04-05 07:20:38.080000',0,NULL,8,13),('reply',164,'Adipisci velit vero aut ea iste. Animi aut eos nostrum voluptas fugiat. Necessitatibus atque magnam aut laborum.','2022-04-05 07:20:38.081000','2022-04-05 07:20:38.081000',0,NULL,8,13),('reply',165,'Ullam maxime aut nemo aut nesciunt quia. Nisi molestias omnis velit expedita. Temporibus voluptates et id non et itaque et. Id sint repudiandae. Distinctio optio est magni dolor.','2022-04-05 07:20:38.085000','2022-04-05 07:20:38.085000',0,NULL,8,13),('reply',166,'Omnis reiciendis consequatur provident voluptas beatae necessitatibus maxime. Modi laboriosam sed incidunt magnam. Dignissimos similique quia unde magnam atque et esse.','2022-04-05 07:20:38.121000','2022-04-05 07:20:38.121000',0,NULL,8,16),('reply',167,'Laboriosam dolores perspiciatis. Corrupti voluptate voluptatem alias. Eos rem et culpa quisquam.','2022-04-05 07:20:38.122000','2022-04-05 07:20:38.122000',0,NULL,8,16),('reply',168,'Vitae tempore aperiam quisquam neque. Sit sit distinctio. Impedit quis saepe suscipit ab quia. Quo aperiam dolores non eum quibusdam in.','2022-04-05 07:20:38.124000','2022-04-05 07:20:38.124000',0,NULL,8,16),('comment',181,'Ullam voluptas mollitia natus tempore. Cumque quae ad. Doloremque et omnis incidunt voluptatem. Totam fugit numquam ullam labore.','2022-04-05 07:20:38.589000','2022-04-05 07:20:38.589000',0,9,9,NULL),('comment',182,'Praesentium iusto itaque dolores ut itaque dolorem consequatur. Vitae nulla sit aut. Dolor voluptas dolores fugiat dolorum. Fuga sint delectus consequatur.','2022-04-05 07:20:38.590000','2022-04-05 07:20:38.590000',0,9,9,NULL),('comment',183,'Cumque iusto pariatur dolor cumque doloremque odio ipsam. Non aut soluta. Maxime est et iure voluptas officiis eligendi a.','2022-04-05 07:20:38.592000','2022-04-05 07:20:38.592000',0,9,9,NULL),('reply',184,'Qui voluptatibus qui placeat totam ullam qui sit. Hic at dolores debitis ratione. Quia repudiandae omnis sequi voluptate iste minima velit. Id sapiente tenetur ipsam eligendi. Voluptatum soluta est iste.','2022-04-05 07:20:38.623000','2022-04-05 07:20:38.623000',0,NULL,9,13),('reply',185,'Aut ipsum quos eaque et animi ducimus beatae. Laborum commodi ut eius voluptas magni soluta at. Sequi vero voluptatem. Eligendi consequatur nemo culpa ut voluptates sunt laboriosam. Nemo vel ut rem vel quia dicta.','2022-04-05 07:20:38.626000','2022-04-05 07:20:38.626000',0,NULL,9,13),('reply',186,'Laudantium velit dolor ipsam aut non nam tempora. Omnis accusamus provident sed velit et. Et et voluptate blanditiis in qui. Ut ut quo. Porro omnis labore incidunt voluptatibus.','2022-04-05 07:20:38.627000','2022-04-05 07:20:38.627000',0,NULL,9,13),('reply',187,'Alias cumque nisi consequatur provident explicabo nam. Quidem harum dolore ab sed doloremque hic enim. Qui omnis facilis unde eum saepe sed.','2022-04-05 07:20:38.662000','2022-04-05 07:20:38.662000',0,NULL,9,16),('reply',188,'Quia dolorem reprehenderit sint voluptatum. Eaque esse iste eos. Quos minima ratione vel tempore excepturi provident. Aut eligendi nobis. Harum voluptatem ratione voluptatem ut ut rerum.','2022-04-05 07:20:38.664000','2022-04-05 07:20:38.664000',0,NULL,9,16),('reply',189,'Error distinctio itaque. Eligendi excepturi sed ut. Error perferendis ex enim sunt consequatur similique enim.','2022-04-05 07:20:38.666000','2022-04-05 07:20:38.666000',0,NULL,9,16),('comment',202,'Praesentium quae rerum repudiandae autem aliquam velit. Repellendus ea dolorem eligendi. Est omnis excepturi corrupti maxime illum.','2022-04-05 07:20:39.135000','2022-04-05 07:20:39.135000',0,10,10,NULL),('comment',203,'Non perspiciatis non temporibus fuga eos. Aut et aliquam ut temporibus voluptates aut. Eligendi quaerat rerum vel. In dicta deleniti odio sunt facere.','2022-04-05 07:20:39.137000','2022-04-05 07:20:39.137000',0,10,10,NULL),('comment',204,'Dolores autem non culpa aperiam. Voluptatem at voluptatem. Voluptatibus est voluptate nesciunt.','2022-04-05 07:20:39.137000','2022-04-05 07:20:39.137000',0,10,10,NULL),('reply',205,'Qui assumenda assumenda commodi veritatis quis eum vero. Aliquid iusto illo nam quia. Accusamus vel dolor sit quaerat sapiente.','2022-04-05 07:20:39.169000','2022-04-05 07:20:39.169000',0,NULL,10,13),('reply',206,'Voluptas qui quasi vero tempore eos molestiae. Nihil vero iusto voluptatem enim ea. Molestiae praesentium aut aut eaque. Ut dolores alias. Dignissimos tempora aut exercitationem quod magni.','2022-04-05 07:20:39.170000','2022-04-05 07:20:39.170000',0,NULL,10,13),('reply',207,'Dolore minus magnam sit voluptatum ex et porro. Minus et totam molestiae qui vel velit unde. Eos distinctio dolore consectetur suscipit consequuntur.','2022-04-05 07:20:39.172000','2022-04-05 07:20:39.172000',0,NULL,10,13),('reply',208,'Sit vitae dolorum nisi dignissimos. Dolores occaecati nulla officia dignissimos. A vitae distinctio fugiat ea rem sed aut. Quo repellat itaque. Neque nihil odio quia ea distinctio quaerat doloribus.','2022-04-05 07:20:39.206000','2022-04-05 07:20:39.206000',0,NULL,10,16),('reply',209,'Qui amet aut sequi esse dicta. Omnis deserunt vero nostrum culpa quod. Quis inventore enim explicabo ea voluptatibus voluptatem sunt. Id commodi quod.','2022-04-05 07:20:39.208000','2022-04-05 07:20:39.208000',0,NULL,10,16),('reply',210,'Vel quis et quis. Ex maxime cumque officia culpa quo. Sequi explicabo perspiciatis. Quasi porro officiis.','2022-04-05 07:20:39.209000','2022-04-05 07:20:39.209000',0,NULL,10,16),('comment',223,'Libero aspernatur deserunt vero. Est ratione id minus placeat corrupti et modi. Blanditiis incidunt sint enim. Possimus commodi ipsa illum.','2022-04-05 07:20:39.671000','2022-04-05 07:20:39.671000',0,11,11,NULL),('comment',224,'Qui laborum iste facere libero. Nesciunt et deserunt. Ipsa qui est est reprehenderit facilis sint doloribus. Placeat beatae eveniet quae.','2022-04-05 07:20:39.672000','2022-04-05 07:20:39.672000',0,11,11,NULL),('comment',225,'Hic voluptatem exercitationem. Omnis ab asperiores impedit facere quia. Placeat nostrum et ipsum veritatis. Cumque et omnis eum quo. Sed doloribus sit ducimus enim.','2022-04-05 07:20:39.674000','2022-04-05 07:20:39.674000',0,11,11,NULL),('reply',226,'Qui et accusantium voluptas vitae amet perferendis. Non est vel nisi occaecati ratione eum eos. Quo soluta iure.','2022-04-05 07:20:39.706000','2022-04-05 07:20:39.706000',0,NULL,11,13),('reply',227,'Accusamus non magnam qui quidem et ea et. Non ea aut. Voluptate esse dolore alias molestiae quia. Odio iusto et dicta dolorem.','2022-04-05 07:20:39.707000','2022-04-05 07:20:39.707000',0,NULL,11,13),('reply',228,'Illo praesentium sapiente voluptatem nihil. Laboriosam porro commodi. Sed animi et dignissimos. Et blanditiis eum.','2022-04-05 07:20:39.709000','2022-04-05 07:20:39.709000',0,NULL,11,13),('reply',229,'Nemo libero quia excepturi quibusdam qui. Reprehenderit ipsam facere et iure quasi. Numquam repellendus fugit nemo nemo omnis ullam numquam. Inventore dolorum vitae quibusdam qui ab.','2022-04-05 07:20:39.793000','2022-04-05 07:20:39.793000',0,NULL,11,16),('reply',230,'Quam sit saepe perspiciatis suscipit at. Voluptatem in soluta dolorem et voluptas minus quia. Eaque iste nihil ducimus optio est.','2022-04-05 07:20:39.804000','2022-04-05 07:20:39.804000',0,NULL,11,16),('reply',231,'Quisquam sed eveniet exercitationem blanditiis vitae natus vel. Ad fugit quis optio. Adipisci corporis nemo doloribus dolore nihil dolorem architecto.','2022-04-05 07:20:39.805000','2022-04-05 07:20:39.805000',0,NULL,11,16);
/*!40000 ALTER TABLE `comment` ENABLE KEYS */;
UNLOCK TABLES;

--
-- Table structure for table `hibernate_sequence`
--

DROP TABLE IF EXISTS `hibernate_sequence`;
/*!40101 SET @saved_cs_client     = @@character_set_client */;
/*!50503 SET character_set_client = utf8 */;
CREATE TABLE `hibernate_sequence` (
  `next_val` bigint DEFAULT NULL
) ENGINE=InnoDB DEFAULT CHARSET=utf8 COLLATE=utf8_general_ci;
/*!40101 SET character_set_client = @saved_cs_client */;

--
-- Dumping data for table `hibernate_sequence`
--

LOCK TABLES `hibernate_sequence` WRITE;
/*!40000 ALTER TABLE `hibernate_sequence` DISABLE KEYS */;
INSERT INTO `hibernate_sequence` VALUES (1);
/*!40000 ALTER TABLE `hibernate_sequence` ENABLE KEYS */;
UNLOCK TABLES;

--
-- Table structure for table `hibernate_sequences`
--

DROP TABLE IF EXISTS `hibernate_sequences`;
/*!40101 SET @saved_cs_client     = @@character_set_client */;
/*!50503 SET character_set_client = utf8 */;
CREATE TABLE `hibernate_sequences` (
  `sequence_name` varchar(255) NOT NULL,
  `next_val` bigint DEFAULT NULL,
  PRIMARY KEY (`sequence_name`)
) ENGINE=InnoDB DEFAULT CHARSET=utf8 COLLATE=utf8_general_ci;
/*!40101 SET character_set_client = @saved_cs_client */;

--
-- Dumping data for table `hibernate_sequences`
--

LOCK TABLES `hibernate_sequences` WRITE;
/*!40000 ALTER TABLE `hibernate_sequences` DISABLE KEYS */;
INSERT INTO `hibernate_sequences` VALUES ('default',231);
/*!40000 ALTER TABLE `hibernate_sequences` ENABLE KEYS */;
UNLOCK TABLES;

--
-- Table structure for table `hop`
--

DROP TABLE IF EXISTS `hop`;
/*!40101 SET @saved_cs_client     = @@character_set_client */;
/*!50503 SET character_set_client = utf8 */;
CREATE TABLE `hop` (
  `id` bigint NOT NULL,
  `brand` varchar(255) DEFAULT NULL,
  `description` text,
  `image` varchar(255) DEFAULT NULL,
  `name` varchar(255) DEFAULT NULL,
  `average_alpha_acid_high` double DEFAULT NULL,
  `average_alpha_acid_low` double DEFAULT NULL,
  `stability` varchar(255) DEFAULT NULL,
  `place_id` bigint DEFAULT NULL,
  PRIMARY KEY (`id`),
  KEY `FKirej6mt5ddmjt06wsq54vtkn9` (`place_id`),
  CONSTRAINT `FKirej6mt5ddmjt06wsq54vtkn9` FOREIGN KEY (`place_id`) REFERENCES `place` (`id`)
) ENGINE=InnoDB DEFAULT CHARSET=utf8 COLLATE=utf8_general_ci;
/*!40101 SET character_set_client = @saved_cs_client */;

--
-- Dumping data for table `hop`
--

LOCK TABLES `hop` WRITE;
/*!40000 ALTER TABLE `hop` DISABLE KEYS */;
INSERT INTO `hop` VALUES (10,'Mohr, Ryan and Wuckert','A Cascade type hop; citrusy, floral. Popular in American pale ales, especially IPA and barley wines, but popular with several other types of beer.','https://2fdltvvn8wp2rn64ywgk8o17-wpengine.netdna-ssl.com/wp-content/uploads/2016/02/buy-amarillo-hops.jpg','Amarillo',10,8,'good',1),(11,'Turner, Wunsch and Simonis','Very popular American all-purpose bittering and aroma hop. Floral and citrusy character','https://upload.wikimedia.org/wikipedia/commons/d/d6/Cascadehopsinthesun.jpg','Cascade',7.5,4.5,'fair',NULL),(12,'Botsford-Herzog','\"Supercharged\" Cascade type; fine aroma hop, citrusy. Popular in American pale ales especially IPA','https://learn.kegerator.com/wp-content/uploads/2015/11/centennial-hop-plant.jpg','Centennial',11.5,9,'fair',NULL),(31,'Crist, Reinger and Kirlin','A Cascade type hop; citrusy, floral. Popular in American pale ales, especially IPA and barley wines, but popular with several other types of beer.','https://2fdltvvn8wp2rn64ywgk8o17-wpengine.netdna-ssl.com/wp-content/uploads/2016/02/buy-amarillo-hops.jpg','Amarillo',10,8,'good',2),(32,'Kunde, Carter and Steuber','Very popular American all-purpose bittering and aroma hop. Floral and citrusy character','https://upload.wikimedia.org/wikipedia/commons/d/d6/Cascadehopsinthesun.jpg','Cascade',7.5,4.5,'fair',NULL),(33,'Rau and Sons','\"Supercharged\" Cascade type; fine aroma hop, citrusy. Popular in American pale ales especially IPA','https://learn.kegerator.com/wp-content/uploads/2015/11/centennial-hop-plant.jpg','Centennial',11.5,9,'fair',NULL),(52,'Boyer, Lowe and Veum','A Cascade type hop; citrusy, floral. Popular in American pale ales, especially IPA and barley wines, but popular with several other types of beer.','https://2fdltvvn8wp2rn64ywgk8o17-wpengine.netdna-ssl.com/wp-content/uploads/2016/02/buy-amarillo-hops.jpg','Amarillo',10,8,'good',3),(53,'Hickle LLC','Very popular American all-purpose bittering and aroma hop. Floral and citrusy character','https://upload.wikimedia.org/wikipedia/commons/d/d6/Cascadehopsinthesun.jpg','Cascade',7.5,4.5,'fair',NULL),(54,'Kautzer and Sons','\"Supercharged\" Cascade type; fine aroma hop, citrusy. Popular in American pale ales especially IPA','https://learn.kegerator.com/wp-content/uploads/2015/11/centennial-hop-plant.jpg','Centennial',11.5,9,'fair',NULL),(73,'Barrows, Boyer and Reynolds','A Cascade type hop; citrusy, floral. Popular in American pale ales, especially IPA and barley wines, but popular with several other types of beer.','https://2fdltvvn8wp2rn64ywgk8o17-wpengine.netdna-ssl.com/wp-content/uploads/2016/02/buy-amarillo-hops.jpg','Amarillo',10,8,'good',4),(74,'VonRueden-Barrows','Very popular American all-purpose bittering and aroma hop. Floral and citrusy character','https://upload.wikimedia.org/wikipedia/commons/d/d6/Cascadehopsinthesun.jpg','Cascade',7.5,4.5,'fair',NULL),(75,'Sawayn-Mayer','\"Supercharged\" Cascade type; fine aroma hop, citrusy. Popular in American pale ales especially IPA','https://learn.kegerator.com/wp-content/uploads/2015/11/centennial-hop-plant.jpg','Centennial',11.5,9,'fair',NULL),(94,'Padberg-Mante','A Cascade type hop; citrusy, floral. Popular in American pale ales, especially IPA and barley wines, but popular with several other types of beer.','https://2fdltvvn8wp2rn64ywgk8o17-wpengine.netdna-ssl.com/wp-content/uploads/2016/02/buy-amarillo-hops.jpg','Amarillo',10,8,'good',5),(95,'Wuckert-Hegmann','Very popular American all-purpose bittering and aroma hop. Floral and citrusy character','https://upload.wikimedia.org/wikipedia/commons/d/d6/Cascadehopsinthesun.jpg','Cascade',7.5,4.5,'fair',NULL),(96,'Bins Group','\"Supercharged\" Cascade type; fine aroma hop, citrusy. Popular in American pale ales especially IPA','https://learn.kegerator.com/wp-content/uploads/2015/11/centennial-hop-plant.jpg','Centennial',11.5,9,'fair',NULL),(115,'Walsh, Howell and Koepp','A Cascade type hop; citrusy, floral. Popular in American pale ales, especially IPA and barley wines, but popular with several other types of beer.','https://2fdltvvn8wp2rn64ywgk8o17-wpengine.netdna-ssl.com/wp-content/uploads/2016/02/buy-amarillo-hops.jpg','Amarillo',10,8,'good',6),(116,'Wuckert, Herman and Altenwerth','Very popular American all-purpose bittering and aroma hop. Floral and citrusy character','https://upload.wikimedia.org/wikipedia/commons/d/d6/Cascadehopsinthesun.jpg','Cascade',7.5,4.5,'fair',NULL),(117,'Medhurst Group','\"Supercharged\" Cascade type; fine aroma hop, citrusy. Popular in American pale ales especially IPA','https://learn.kegerator.com/wp-content/uploads/2015/11/centennial-hop-plant.jpg','Centennial',11.5,9,'fair',NULL),(136,'Frami-Rice','A Cascade type hop; citrusy, floral. Popular in American pale ales, especially IPA and barley wines, but popular with several other types of beer.','https://2fdltvvn8wp2rn64ywgk8o17-wpengine.netdna-ssl.com/wp-content/uploads/2016/02/buy-amarillo-hops.jpg','Amarillo',10,8,'good',7),(137,'Schulist-Dooley','Very popular American all-purpose bittering and aroma hop. Floral and citrusy character','https://upload.wikimedia.org/wikipedia/commons/d/d6/Cascadehopsinthesun.jpg','Cascade',7.5,4.5,'fair',NULL),(138,'Cummings LLC','\"Supercharged\" Cascade type; fine aroma hop, citrusy. Popular in American pale ales especially IPA','https://learn.kegerator.com/wp-content/uploads/2015/11/centennial-hop-plant.jpg','Centennial',11.5,9,'fair',NULL),(157,'Fisher and Sons','A Cascade type hop; citrusy, floral. Popular in American pale ales, especially IPA and barley wines, but popular with several other types of beer.','https://2fdltvvn8wp2rn64ywgk8o17-wpengine.netdna-ssl.com/wp-content/uploads/2016/02/buy-amarillo-hops.jpg','Amarillo',10,8,'good',8),(158,'Turcotte-Stokes','Very popular American all-purpose bittering and aroma hop. Floral and citrusy character','https://upload.wikimedia.org/wikipedia/commons/d/d6/Cascadehopsinthesun.jpg','Cascade',7.5,4.5,'fair',NULL),(159,'Predovic-Parisian','\"Supercharged\" Cascade type; fine aroma hop, citrusy. Popular in American pale ales especially IPA','https://learn.kegerator.com/wp-content/uploads/2015/11/centennial-hop-plant.jpg','Centennial',11.5,9,'fair',NULL),(178,'Hessel, Robel and Walter','A Cascade type hop; citrusy, floral. Popular in American pale ales, especially IPA and barley wines, but popular with several other types of beer.','https://2fdltvvn8wp2rn64ywgk8o17-wpengine.netdna-ssl.com/wp-content/uploads/2016/02/buy-amarillo-hops.jpg','Amarillo',10,8,'good',9),(179,'Hodkiewicz Group','Very popular American all-purpose bittering and aroma hop. Floral and citrusy character','https://upload.wikimedia.org/wikipedia/commons/d/d6/Cascadehopsinthesun.jpg','Cascade',7.5,4.5,'fair',NULL),(180,'Kunze, Sipes and Walter','\"Supercharged\" Cascade type; fine aroma hop, citrusy. Popular in American pale ales especially IPA','https://learn.kegerator.com/wp-content/uploads/2015/11/centennial-hop-plant.jpg','Centennial',11.5,9,'fair',NULL),(199,'Prohaska, Ernser and Dooley','A Cascade type hop; citrusy, floral. Popular in American pale ales, especially IPA and barley wines, but popular with several other types of beer.','https://2fdltvvn8wp2rn64ywgk8o17-wpengine.netdna-ssl.com/wp-content/uploads/2016/02/buy-amarillo-hops.jpg','Amarillo',10,8,'good',10),(200,'Cassin Group','Very popular American all-purpose bittering and aroma hop. Floral and citrusy character','https://upload.wikimedia.org/wikipedia/commons/d/d6/Cascadehopsinthesun.jpg','Cascade',7.5,4.5,'fair',NULL),(201,'Reilly-Fahey','\"Supercharged\" Cascade type; fine aroma hop, citrusy. Popular in American pale ales especially IPA','https://learn.kegerator.com/wp-content/uploads/2015/11/centennial-hop-plant.jpg','Centennial',11.5,9,'fair',NULL),(220,'Lehner LLC','A Cascade type hop; citrusy, floral. Popular in American pale ales, especially IPA and barley wines, but popular with several other types of beer.','https://2fdltvvn8wp2rn64ywgk8o17-wpengine.netdna-ssl.com/wp-content/uploads/2016/02/buy-amarillo-hops.jpg','Amarillo',10,8,'good',11),(221,'Mayert, Mosciski and Ebert','Very popular American all-purpose bittering and aroma hop. Floral and citrusy character','https://upload.wikimedia.org/wikipedia/commons/d/d6/Cascadehopsinthesun.jpg','Cascade',7.5,4.5,'fair',NULL),(222,'Hessel, Dach and Bernhard','\"Supercharged\" Cascade type; fine aroma hop, citrusy. Popular in American pale ales especially IPA','https://learn.kegerator.com/wp-content/uploads/2015/11/centennial-hop-plant.jpg','Centennial',11.5,9,'fair',NULL);
/*!40000 ALTER TABLE `hop` ENABLE KEYS */;
UNLOCK TABLES;

--
-- Table structure for table `ingredient_detail`
--

DROP TABLE IF EXISTS `ingredient_detail`;
/*!40101 SET @saved_cs_client     = @@character_set_client */;
/*!50503 SET character_set_client = utf8 */;
CREATE TABLE `ingredient_detail` (
  `detail_type` varchar(31) NOT NULL,
  `id` bigint NOT NULL AUTO_INCREMENT,
  `liquid_volume` double DEFAULT NULL,
  `description` text,
  `weight` double DEFAULT NULL,
  `purpose` varchar(255) DEFAULT NULL,
  `recipe_event_id` bigint DEFAULT NULL,
  `ingredient_id` bigint DEFAULT NULL,
  `recipe_id` bigint DEFAULT NULL,
  PRIMARY KEY (`id`),
  KEY `FKm7e5ljlcr4fe26cqr7tm50u6s` (`recipe_event_id`),
  KEY `FKoyp62r4gcr54xris5daiay8ya` (`recipe_id`),
  CONSTRAINT `FKm7e5ljlcr4fe26cqr7tm50u6s` FOREIGN KEY (`recipe_event_id`) REFERENCES `recipe_event` (`id`),
  CONSTRAINT `FKoyp62r4gcr54xris5daiay8ya` FOREIGN KEY (`recipe_id`) REFERENCES `recipe` (`id`)
) ENGINE=InnoDB AUTO_INCREMENT=133 DEFAULT CHARSET=utf8 COLLATE=utf8_general_ci;
/*!40101 SET character_set_client = @saved_cs_client */;

--
-- Dumping data for table `ingredient_detail`
--

LOCK TABLES `ingredient_detail` WRITE;
/*!40000 ALTER TABLE `ingredient_detail` DISABLE KEYS */;
INSERT INTO `ingredient_detail` VALUES ('hop',1,NULL,'Consequatur non facilis reiciendis ipsum. Nobis nostrum deserunt. Consequatur sed rerum illo eum reiciendis. Incidunt ipsa modi eos sapiente quas libero.',7.85,'aroma',1,10,1),('hop',2,NULL,'Qui consequatur ipsam culpa. Et quisquam rerum qui et. Quis accusantium velit rerum voluptatem. Nam laboriosam debitis porro. Libero et facere voluptatem quam vel veritatis ex.',3.07,'aroma',2,10,1),('hop',3,NULL,'Enim ab ut error. Voluptatem est autem saepe voluptate iure. Est a voluptatem porro delectus.',1.8,'aroma',3,10,1),('malt',4,6.94,'Omnis inventore velit quasi earum adipisci. Corrupti quidem quis ipsa occaecati totam sed et. Nisi sunt deserunt ut. Nam tempora iure et ratione at illum. Aperiam aut voluptatibus qui.',NULL,NULL,4,1,1),('malt',5,8.37,'Doloribus odio quasi esse. Est ducimus qui sapiente nisi molestiae. Aut voluptatem nulla. Officia aperiam architecto officiis est exercitationem.',NULL,NULL,5,1,1),('malt',6,6.16,'Beatae sit recusandae maiores provident. Est sint culpa omnis. Et at blanditiis nobis animi. Nihil dignissimos voluptatibus.',NULL,NULL,6,1,1),('other',7,NULL,'Fuga excepturi provident velit nihil ab. Cupiditate sit dolor pariatur voluptatibus fugiat voluptatibus. Ut assumenda cupiditate ut voluptatibus a quia at. Consequuntur quibusdam reprehenderit et quia a quos esse.',6.65,'spiciness',7,7,1),('other',8,NULL,'Autem qui suscipit. Ut est similique. Magnam mollitia odio dolore.',6.75,'spiciness',8,7,1),('other',9,NULL,'Enim commodi qui nam ut. Culpa sit voluptatibus quia sit eum. Ex voluptate incidunt delectus rem quia.',6.61,'spiciness',9,7,1),('yeast',10,NULL,'Cum sapiente aut reiciendis magnam. Corporis est et earum blanditiis error. Aut ipsum totam fugit maxime eum quasi. Recusandae et laudantium minus. Vero consequuntur dolorum mollitia dolorem.',9.26,NULL,10,4,1),('yeast',11,NULL,'Quae repellendus quis sunt. Similique rerum id distinctio perspiciatis necessitatibus rerum. Eveniet facilis sit quia adipisci.',0.37,NULL,11,4,1),('yeast',12,NULL,'Voluptas suscipit laboriosam sit ut ipsum qui. Et enim non voluptas facilis earum eligendi. Beatae non laborum repellendus.',7.75,NULL,12,4,1),('hop',13,NULL,'Quia aut natus corrupti porro. Laboriosam dolores nihil qui nihil minima quis. Totam autem asperiores dolorem earum rerum vel aut.',4.9,'aroma',17,10,2),('hop',14,NULL,'Ea facilis et nesciunt ut molestiae tempore eius. Fuga a eos adipisci accusamus. Quod veniam nostrum odio. Delectus enim ipsum sint tempora occaecati voluptatem ea.',1.26,'aroma',18,10,2),('hop',15,NULL,'Suscipit a error quis minima reprehenderit ut. Praesentium perspiciatis officiis voluptatem placeat. Quisquam cupiditate pariatur ut et voluptates fugiat.',8.24,'aroma',19,10,2),('malt',16,4.01,'Eum dolor sunt. Placeat eligendi iure. Eius ea nulla quis facere.',NULL,NULL,20,1,2),('malt',17,1.47,'Impedit consequatur ut voluptatum qui. Est porro eum officiis et et quia error. Quibusdam accusantium tempora illum.',NULL,NULL,21,1,2),('malt',18,4.18,'Esse rerum eveniet ea. Nisi inventore praesentium sed labore voluptatem. Aut molestiae explicabo rerum exercitationem repellendus. Esse perspiciatis sed ipsum nobis ab.',NULL,NULL,22,1,2),('other',19,NULL,'Asperiores et veniam aut reiciendis et at. Aut necessitatibus rerum nihil. Itaque magnam ipsam consequatur aliquam et perferendis at.',4.63,'spiciness',23,7,2),('other',20,NULL,'Consequuntur possimus et quisquam et et repudiandae est. Doloribus esse delectus cupiditate dicta quasi consectetur. Est et voluptates ab alias nemo omnis voluptates. Quod voluptatum veritatis magni quam veniam quibusdam vel. Quam nesciunt distinctio velit aperiam et.',9.43,'spiciness',24,7,2),('other',21,NULL,'Aut enim quis ut explicabo. Porro laborum dolorum consequatur reprehenderit. Dolorum sint magni dolorem rerum eius.',2.94,'spiciness',25,7,2),('yeast',22,NULL,'Ut vel sed quidem molestiae qui incidunt. Culpa velit aspernatur sed. Molestiae necessitatibus in et ullam eaque perferendis sint. Veritatis facilis voluptatem est eligendi. Esse culpa aut vel.',7.47,NULL,26,4,2),('yeast',23,NULL,'Ut culpa aut minus. Quisquam minus aliquam. Et est quidem rerum. Qui dolorum excepturi et eaque. Ut voluptatem distinctio ex omnis ipsum sit a.',2.65,NULL,27,4,2),('yeast',24,NULL,'Culpa aspernatur neque odit. Omnis voluptatibus veritatis fugiat. Repellendus modi corporis.',6.86,NULL,28,4,2),('hop',25,NULL,'Commodi aut et impedit et corrupti quos laudantium. Voluptas neque reprehenderit ex. Enim laborum numquam et.',3.22,'aroma',33,10,3),('hop',26,NULL,'Quo dicta voluptas dolorem consequuntur eos voluptates. Possimus accusamus et. Consequatur voluptas sunt hic quod. Suscipit error iure aut illo.',5.45,'aroma',34,10,3),('hop',27,NULL,'Sit sunt vel voluptatum ex et. Earum consectetur ab dignissimos in aut numquam et. Ipsam sit autem quo tenetur suscipit omnis expedita. Quaerat est exercitationem hic itaque nemo nisi est. Modi et est nesciunt dicta quis.',0.32,'aroma',35,10,3),('malt',28,4.01,'Illum illum optio corporis aliquam alias placeat. Expedita sit magnam ratione totam ut. Ut architecto corrupti et quod. Natus molestias eos optio.',NULL,NULL,36,1,3),('malt',29,4.2,'Quia dolorum pariatur totam. Aut praesentium non. Voluptatem et quaerat quibusdam provident sed in. Necessitatibus excepturi nostrum numquam qui.',NULL,NULL,37,1,3),('malt',30,0.87,'Et reprehenderit quam. Vel laboriosam repudiandae non earum. Reiciendis necessitatibus consequatur vitae.',NULL,NULL,38,1,3),('other',31,NULL,'Molestiae accusantium et. Ipsum similique voluptates consequatur nihil et. Animi temporibus qui quae omnis dolore. Aut nesciunt alias.',5.2,'spiciness',39,7,3),('other',32,NULL,'Blanditiis ex illo. Enim modi vero a. Dolores laborum sunt sapiente sunt maxime in enim. Consequatur numquam quis eum consequuntur tempore nostrum sapiente.',8.5,'spiciness',40,7,3),('other',33,NULL,'Tempore id cupiditate beatae est doloremque eveniet. Eveniet veniam ut inventore repudiandae. Velit dolorum ad dolores at sint occaecati.',1.36,'spiciness',41,7,3),('yeast',34,NULL,'Et recusandae quam repudiandae mollitia ut. Occaecati possimus voluptatibus minus. Expedita nemo quaerat atque. Itaque et eum.',8.58,NULL,42,4,3),('yeast',35,NULL,'Nostrum adipisci voluptatem. Cumque vel at quod reprehenderit iusto debitis deleniti. Dolorem doloribus quia.',1.56,NULL,43,4,3),('yeast',36,NULL,'Nisi at quibusdam quisquam velit ut. Et quo nulla. Qui commodi asperiores. Qui cumque ut aspernatur.',8.31,NULL,44,4,3),('hop',37,NULL,'Perspiciatis qui voluptatem sunt praesentium est. Aspernatur neque nobis quos. Repudiandae eum voluptatem cupiditate. Voluptate consequatur odio nisi dolorem in.',2.02,'aroma',49,10,4),('hop',38,NULL,'Quisquam aut ut autem eum pariatur consequatur aut. Ipsa eveniet magni non autem. Consequatur velit fuga est. Et laboriosam ea incidunt.',0.06,'aroma',50,10,4),('hop',39,NULL,'Magni sapiente iure cum eius blanditiis et. Similique inventore in repellat cumque accusantium molestiae. Praesentium vel ipsa minima. Et est omnis ab. Dolores voluptates nisi quia autem dolorum nihil.',4.3,'aroma',51,10,4),('malt',40,3.73,'Aspernatur at atque similique et vero qui architecto. Nihil sunt est qui voluptatem molestias nulla. Et et debitis vel omnis quia eum. Fugiat aut tempora ducimus.',NULL,NULL,52,1,4),('malt',41,0.16,'Alias distinctio reiciendis ipsam consectetur ea. Quia voluptatem itaque velit maxime cumque porro. Nulla eveniet modi.',NULL,NULL,53,1,4),('malt',42,1.64,'Voluptas necessitatibus voluptatum recusandae dolorem odio. Eum molestiae in ratione temporibus doloribus. Accusamus molestias voluptas impedit ut sit dolore.',NULL,NULL,54,1,4),('other',43,NULL,'Dolorem voluptas voluptas soluta recusandae. Eligendi dolor eos quas modi. Eum nesciunt quo quo. Sint possimus vitae qui.',6.54,'spiciness',55,7,4),('other',44,NULL,'Illum qui error repudiandae rerum. Ad aliquam eum modi laboriosam. Aspernatur iste deserunt vel asperiores. Voluptatem dicta est eos inventore porro qui ducimus. Numquam est nesciunt eos accusamus corrupti consectetur.',5.85,'spiciness',56,7,4),('other',45,NULL,'Rerum quod ut quis. Libero odio itaque sit vel expedita voluptate reiciendis. Quia repudiandae molestiae quis.',2.54,'spiciness',57,7,4),('yeast',46,NULL,'Placeat voluptate consequatur. Qui saepe autem aut quae. Eaque alias dolores est aut. Itaque maiores voluptas odio similique.',5.37,NULL,58,4,4),('yeast',47,NULL,'Exercitationem sunt et fuga error dolor. Alias aut voluptatem repellat amet dolores. Molestiae cumque atque dolores facere. Neque expedita velit et. Enim asperiores labore recusandae libero qui asperiores.',4.43,NULL,59,4,4),('yeast',48,NULL,'Et ipsum sit ut non. Modi vel corporis tempore eos rerum. Est eligendi inventore incidunt in.',0.3,NULL,60,4,4),('hop',49,NULL,'Temporibus vel similique numquam. Quibusdam nihil rerum atque voluptas itaque quo. Sed vero officia autem. Fugit exercitationem est quasi tempore.',6.52,'aroma',65,10,5),('hop',50,NULL,'Nobis quia eius ipsum numquam sunt. Eos iure iste similique sunt. Facilis minus unde. Sit in quae voluptatem a.',0.18,'aroma',66,10,5),('hop',51,NULL,'Pariatur illo architecto. Quis cupiditate et in quo qui quasi. Corporis esse non odit. Ut sint sint facere vero unde et.',1.59,'aroma',67,10,5),('malt',52,7.14,'Veniam voluptates modi occaecati eos. Autem nemo reprehenderit quae molestiae. Unde voluptates veritatis unde cupiditate. Sequi illo voluptatum ut maiores. Enim sed dicta architecto et fuga.',NULL,NULL,68,1,5),('malt',53,1.79,'Veniam quia sed et est facere odio. Est rem doloremque quo. Consequatur et doloremque sunt. Iste veritatis nam animi error et sed autem. Soluta cupiditate vitae.',NULL,NULL,69,1,5),('malt',54,3.96,'Ut repellat nostrum qui ducimus totam aspernatur quis. Doloribus quos odit non. Eos a omnis et aut. Voluptas et qui impedit vel autem molestias et.',NULL,NULL,70,1,5),('other',55,NULL,'Iste sed provident eum rerum aliquid et nesciunt. Voluptatem aliquam voluptas voluptatem id quis a optio. Odio autem nihil dolorem neque est.',3.87,'spiciness',71,7,5),('other',56,NULL,'Temporibus tempora placeat dolor quas minus eos cupiditate. Rem consequatur voluptatibus. Expedita repudiandae eius est consequatur. Iste in velit quisquam delectus. Sed iste earum dolor quasi.',3.02,'spiciness',72,7,5),('other',57,NULL,'Voluptas quasi in accusantium sequi. Id sapiente inventore quia adipisci ut quibusdam. Voluptatibus dolores voluptatem. Perspiciatis in et fugit.',1.11,'spiciness',73,7,5),('yeast',58,NULL,'Sint consequatur dolores deleniti vel. Cumque sunt omnis libero sed. Ipsum dolor rem sint deserunt eaque. Tempora et voluptas quisquam.',1.54,NULL,74,4,5),('yeast',59,NULL,'Qui distinctio nisi mollitia id. Architecto dicta accusamus iste. Delectus a amet ipsam dolore ullam minima. Mollitia possimus modi voluptas aut. Delectus accusantium similique voluptas quidem quia vitae nihil.',7.06,NULL,75,4,5),('yeast',60,NULL,'Maxime ducimus quia. Dolorem quidem architecto qui. Doloremque sit id cum quo nostrum est. Quas ut beatae debitis aperiam non architecto. Aut neque ratione aut itaque minima.',6.45,NULL,76,4,5),('hop',61,NULL,'Sed vero repellendus voluptatibus voluptas. Voluptatem explicabo dicta rerum consectetur libero numquam aliquid. Quibusdam earum nemo repudiandae incidunt maxime.',0.53,'aroma',81,10,6),('hop',62,NULL,'Est sint ab. Eos laudantium magni culpa consequatur. Ullam eos sint et quisquam. Commodi harum quibusdam vitae sapiente.',2.02,'aroma',82,10,6),('hop',63,NULL,'Perferendis maxime at tempore numquam suscipit architecto. Hic recusandae nulla. Ex voluptatem placeat iusto quis. Non nulla non ut deleniti.',6.18,'aroma',83,10,6),('malt',64,6.48,'Et dolorem ea molestiae aut sequi. Eveniet commodi harum eos ut eligendi. Harum provident eos.',NULL,NULL,84,1,6),('malt',65,3.02,'Et dolor quisquam mollitia. Consequatur quo voluptas quae excepturi est nemo officia. Quae est harum aut distinctio iusto. Ipsa quos id.',NULL,NULL,85,1,6),('malt',66,4.94,'Quaerat id perspiciatis perspiciatis nisi eligendi. Cumque eaque nihil consequatur. Quia itaque tenetur autem. Non et ipsa nam enim. Id ab qui ea ab ab reprehenderit facere.',NULL,NULL,86,1,6),('other',67,NULL,'Ab praesentium consequuntur. Commodi accusantium ipsum dolores autem perferendis. Nemo perspiciatis nam architecto sed velit.',3.58,'spiciness',87,7,6),('other',68,NULL,'Et exercitationem molestiae exercitationem possimus eum accusamus explicabo. Et dolores itaque animi aliquid provident at illum. Fuga sed necessitatibus at ratione possimus facilis. Modi dignissimos totam qui quos quaerat est fuga. Cum dolores ea rerum veniam animi est.',8.18,'spiciness',88,7,6),('other',69,NULL,'Fugiat sit quibusdam consequatur qui. Recusandae ut exercitationem dolor amet. Quibusdam praesentium officia consequatur.',6.77,'spiciness',89,7,6),('yeast',70,NULL,'Eum reprehenderit iste accusamus possimus ullam qui. Blanditiis cumque cupiditate. Corporis sed maxime.',1.86,NULL,90,4,6),('yeast',71,NULL,'Non omnis maiores cum. Sapiente voluptas aspernatur eligendi illo autem. Quo quae numquam quo totam qui reprehenderit quaerat.',6.26,NULL,91,4,6),('yeast',72,NULL,'Hic est voluptates dolor quo. Est eum tenetur atque. Nihil quasi illo vitae. Occaecati hic id sed neque hic id nisi.',7.23,NULL,92,4,6),('hop',73,NULL,'Dolores et est nihil et eos non aut. Tenetur aut et. Repellendus vel vel sit exercitationem aperiam excepturi. Rerum omnis aut qui libero voluptatibus quam ratione.',9.29,'aroma',97,10,7),('hop',74,NULL,'Ratione minus beatae et nemo consequatur. Adipisci repellat consequuntur eligendi sed repudiandae nostrum et. Mollitia quidem sequi cupiditate vel possimus doloribus. Et eaque deleniti nihil.',0.74,'aroma',98,10,7),('hop',75,NULL,'Temporibus sequi reprehenderit perferendis provident enim sit accusamus. Sunt et officia tempora voluptate maxime vero. Laborum quis ex velit itaque voluptatum. Aut consequuntur quos quia nesciunt optio.',0.51,'aroma',99,10,7),('malt',76,2.22,'Impedit quod quae consequatur. Et est voluptate qui eum. Odio vitae officia aliquid deserunt qui temporibus non. Reprehenderit consequatur dolore ab. Sapiente ut et consequuntur nam nulla.',NULL,NULL,100,1,7),('malt',77,9.49,'Omnis totam quibusdam eveniet dignissimos autem. Repellat minima sit esse nesciunt. Qui ut libero veniam. Doloribus cupiditate voluptatem consequatur dolorem eos. Recusandae illo voluptatem est amet aut enim.',NULL,NULL,101,1,7),('malt',78,3.78,'Iste voluptates quos magnam omnis numquam inventore. Fugiat debitis fugit eos dignissimos dolores architecto dignissimos. Earum quaerat dolorem voluptates voluptatibus incidunt ab quia.',NULL,NULL,102,1,7),('other',79,NULL,'Aspernatur quod sed aliquid alias. Minus aut sequi sint consequatur eum repudiandae quia. Et deleniti est aut illo possimus dolores tenetur. Voluptatem voluptas sed nostrum minus repudiandae et.',7.71,'spiciness',103,7,7),('other',80,NULL,'Natus voluptas nihil. Dolores qui dolorem quia architecto quam quo. Quam sunt sed eaque beatae. Vel excepturi quia accusantium consequatur saepe doloremque.',3.99,'spiciness',104,7,7),('other',81,NULL,'Repellat voluptas dolores similique enim officiis qui. Sed praesentium necessitatibus quisquam quis rerum. A quae molestiae sed perspiciatis. Asperiores sed sunt veritatis repellendus.',3.45,'spiciness',105,7,7),('yeast',82,NULL,'Odio ratione aut est. Aut dignissimos ab id et. Natus dolor minima voluptatum. Quae unde est. Illo eos assumenda sapiente dolores velit doloremque deserunt.',7.35,NULL,106,4,7),('yeast',83,NULL,'Velit nihil atque illum. Consectetur minima occaecati. A at sint iure quasi dignissimos. Dolorem et pariatur excepturi.',7.73,NULL,107,4,7),('yeast',84,NULL,'Debitis velit omnis. Hic et consectetur et fuga maiores. Officia inventore sit vel. Voluptatibus enim voluptas aut consequuntur. Minus repellendus veniam est et iusto maiores sit.',2.9,NULL,108,4,7),('hop',85,NULL,'Illum illum unde. Aliquid ducimus dolores quia id enim occaecati. Repudiandae in molestiae enim consectetur mollitia fugit recusandae. Consequuntur enim ut.',8.77,'aroma',113,10,8),('hop',86,NULL,'Aperiam et placeat quasi voluptas quasi. Et deleniti quia omnis. Et tempore aut soluta recusandae nam. Porro odit maxime sed. Omnis voluptatem facilis molestiae occaecati facere.',4.62,'aroma',114,10,8),('hop',87,NULL,'Eos exercitationem nihil. At nulla et voluptas pariatur assumenda. Saepe vel vel.',1.93,'aroma',115,10,8),('malt',88,4.73,'Aut nostrum doloribus dolorem qui voluptas illo. Placeat accusamus est aut eos numquam consequatur. Et aut deserunt officia commodi voluptate. Autem eaque quibusdam quasi sint.',NULL,NULL,116,1,8),('malt',89,1.98,'Eveniet est molestias aliquam perspiciatis fuga aspernatur aut. Enim labore quam libero rerum et natus perferendis. Earum sit in. Et et saepe molestiae quis aut rerum. Aliquid eos magni quia sapiente.',NULL,NULL,117,1,8),('malt',90,0.83,'Assumenda et illo aut consequatur. Repellendus animi quidem dolores aut. Dolores voluptatem non quaerat.',NULL,NULL,118,1,8),('other',91,NULL,'Fugit soluta consequatur iure eos. Est quod dolor eveniet ut reiciendis. Consequatur ipsum dolore rem optio dolor sed.',5.8,'spiciness',119,7,8),('other',92,NULL,'Dolorum quia iste quod. Quasi natus eveniet. Est est cumque ipsam.',8.44,'spiciness',120,7,8),('other',93,NULL,'Tenetur itaque in id. Dolor earum sapiente aspernatur. Fuga odio numquam aperiam sint explicabo. Sunt ipsam fugit blanditiis. Deserunt rerum dicta.',7.55,'spiciness',121,7,8),('yeast',94,NULL,'Unde nemo commodi. Voluptatem quas assumenda ipsa sit. Provident ea at qui praesentium fugit sed. Odit et ducimus impedit et aut autem. Ipsum et qui accusamus perspiciatis iure a.',7.56,NULL,122,4,8),('yeast',95,NULL,'Numquam at optio non voluptatibus consequuntur. Ipsam officia sunt ut ipsa ad hic tenetur. Non maxime earum consectetur impedit in sed minus. Facere assumenda quia molestiae quaerat architecto repellendus expedita. Eligendi accusantium impedit deleniti libero non.',8.93,NULL,123,4,8),('yeast',96,NULL,'Voluptatem tenetur a cupiditate ducimus voluptates ut odio. Vel rerum eos excepturi sit commodi. Libero sit rem. Nihil ea similique quia voluptatem occaecati.',4.45,NULL,124,4,8),('hop',97,NULL,'Quo rem iusto adipisci ratione aut error. Qui reprehenderit earum neque dolor eum fugiat. Eius ut nihil ipsum ea.',7.85,'aroma',129,10,9),('hop',98,NULL,'Qui vel quis sit placeat. Repellat delectus eum consectetur quis maiores. Error velit veritatis. Suscipit minima expedita veritatis veniam numquam. Sunt corrupti animi alias ut quia aut porro.',5.5,'aroma',130,10,9),('hop',99,NULL,'Labore laborum blanditiis. Est voluptas quas. Et eum neque dolores cumque et commodi sunt. Sequi at quo voluptatem in.',4.26,'aroma',131,10,9),('malt',100,4.04,'In officiis in dolorum earum voluptatem. Labore eveniet aspernatur esse. Alias voluptatem voluptates sed exercitationem adipisci qui.',NULL,NULL,132,1,9),('malt',101,0.04,'Voluptatibus alias iusto non reprehenderit perferendis consequatur. Est tenetur quasi et dolor sit. Aut itaque sit ea veniam dignissimos. Pariatur harum aperiam culpa.',NULL,NULL,133,1,9),('malt',102,5.18,'Maiores similique exercitationem quas porro eligendi sint maxime. Rerum nam in est eveniet qui minus sequi. Eum quia ut qui porro nulla. Fuga quis molestiae enim.',NULL,NULL,134,1,9),('other',103,NULL,'Provident id et laboriosam expedita. Sed unde veniam saepe. Velit cumque odio. Ipsum et odit voluptate reprehenderit ipsam est natus.',3.27,'spiciness',135,7,9),('other',104,NULL,'Et esse voluptatem autem quia non. Voluptatem est impedit nostrum odit. Necessitatibus autem excepturi minus cum quia. Aspernatur perferendis numquam et. Blanditiis atque enim.',3.71,'spiciness',136,7,9),('other',105,NULL,'Corrupti qui est exercitationem ratione. Consequatur fuga eveniet. Quis in iusto alias. Reiciendis maiores quo nam ut incidunt dolore. Fugit alias molestiae sunt alias molestias quas dolor.',4.87,'spiciness',137,7,9),('yeast',106,NULL,'Neque in est exercitationem quis aut. Omnis nihil mollitia quo tempore velit non. Sit sint nihil consectetur suscipit deleniti. Quidem corrupti necessitatibus incidunt pariatur impedit maxime.',6.96,NULL,138,4,9),('yeast',107,NULL,'Rerum est consequatur. Illo omnis quis voluptas in illum et dolorem. Quidem quis ducimus alias itaque iure est est. In nobis ut possimus dicta adipisci ut accusantium.',2.72,NULL,139,4,9),('yeast',108,NULL,'Magni debitis blanditiis quo voluptatum et aut sapiente. Aliquid dignissimos qui. Voluptas error ab eum. Sit voluptatem excepturi earum. Aut recusandae dolores quia dicta minima.',7.5,NULL,140,4,9),('hop',109,NULL,'Exercitationem fuga facilis quibusdam maiores. Non numquam quasi animi aut. Nobis similique quis quia quidem et.',2.08,'aroma',145,10,10),('hop',110,NULL,'Ut non sit. Est magni est vel voluptatum et. Eveniet quo aperiam quasi libero quos.',3.13,'aroma',146,10,10),('hop',111,NULL,'Quia officiis molestiae soluta temporibus pariatur eos iure. Accusamus neque esse. Consequatur est expedita officiis aut ut porro. Quam mollitia repudiandae natus. Totam placeat praesentium iure sequi voluptatem doloremque.',5.64,'aroma',147,10,10),('malt',112,0.19,'Asperiores assumenda sunt ad facilis sint necessitatibus eveniet. Nulla sit aliquam. Et voluptas consequatur perspiciatis. Dolor voluptas reprehenderit rem dignissimos quae ad quasi.',NULL,NULL,148,1,10),('malt',113,1.99,'Ex at inventore impedit mollitia. Non odio quis. Vitae et assumenda et autem. Deleniti laborum et.',NULL,NULL,149,1,10),('malt',114,6.41,'Veniam et blanditiis fugiat iure. Deleniti perspiciatis accusamus quod quis libero qui. Eveniet iusto ad.',NULL,NULL,150,1,10),('other',115,NULL,'Necessitatibus in laborum odit enim. Deserunt consectetur accusamus est. Et ullam qui. Id quis voluptates vero esse labore ad.',4.87,'spiciness',151,7,10),('other',116,NULL,'Eius mollitia excepturi similique non labore saepe. Minima vel ut eos. Laboriosam corporis voluptatem tempore officia. Aspernatur qui saepe harum ullam sint eius id.',7.76,'spiciness',152,7,10),('other',117,NULL,'Minima aperiam aliquam excepturi nesciunt eveniet iste. Nemo unde asperiores animi blanditiis. Et tempore tempora itaque qui distinctio qui. Aut aut similique molestias maxime.',8.73,'spiciness',153,7,10),('yeast',118,NULL,'Autem consequatur molestiae eum. Sed et ipsa ut. Fuga enim non ut. Minima in quis quia consequatur mollitia voluptatem. Molestiae ea excepturi aliquam doloribus.',6.71,NULL,154,4,10),('yeast',119,NULL,'Minus quis ex eligendi id cupiditate voluptatum. Hic qui dolor harum nemo voluptates. Corporis corporis culpa suscipit. Distinctio consectetur assumenda veniam. Quia rem culpa.',1.48,NULL,155,4,10),('yeast',120,NULL,'Autem dolorem sint dicta tempora. Dignissimos aut aperiam odio qui ipsum veniam. Possimus et illum neque et sapiente rem. Omnis qui sunt aut.',1.75,NULL,156,4,10),('hop',121,NULL,'Debitis magnam dolor ab. Quisquam maxime quam delectus eos. Quod iure qui. Asperiores tempora non possimus asperiores deserunt. Eum sed est laborum.',0.67,'aroma',161,10,11),('hop',122,NULL,'Occaecati animi molestiae. Inventore dolores pariatur dolor. Dolorum id eveniet nulla placeat nisi quidem aut. Veniam voluptas enim ut voluptas.',4.26,'aroma',162,10,11),('hop',123,NULL,'Vel dolor tempore suscipit pariatur. Earum corrupti voluptates. Cum possimus est cupiditate. Repellat nihil voluptatem ex eum dolorem asperiores quisquam. Dolores quo deserunt.',3.57,'aroma',163,10,11),('malt',124,7.24,'Repellendus consequatur qui sed consectetur qui et. Voluptatem voluptas sit est. Quibusdam ipsum non doloremque fugit alias et.',NULL,NULL,164,1,11),('malt',125,4.91,'Qui omnis ea necessitatibus et voluptas nisi ut. Et et qui dolorem. Ipsam est expedita eaque est. Et aperiam voluptatem est est. Quisquam consequatur animi sunt soluta delectus.',NULL,NULL,165,1,11),('malt',126,0.62,'Eos quaerat commodi. Itaque at ex debitis corporis et explicabo placeat. Magni et ipsam dolor. Aliquam beatae saepe aut dicta voluptatem.',NULL,NULL,166,1,11),('other',127,NULL,'Ex qui eos impedit sapiente ut adipisci sequi. Quidem voluptatem aut minus ut. Culpa labore aut rem et magnam odio.',5.26,'spiciness',167,7,11),('other',128,NULL,'Aliquam dicta ad eligendi doloremque eius. Qui quia est atque eveniet ut. Quisquam pariatur et sit temporibus illum totam.',1.8,'spiciness',168,7,11),('other',129,NULL,'Repudiandae dolores iure. Dolorem corrupti necessitatibus asperiores voluptatem qui necessitatibus. Sunt qui perferendis harum repellat quis. Est minus possimus.',6.04,'spiciness',169,7,11),('yeast',130,NULL,'Quis et enim iure vero commodi similique laudantium. Pariatur nisi ullam unde eaque magnam. Ipsa ullam asperiores. Quis debitis fuga cum velit. Ex animi quam.',0.16,NULL,170,4,11),('yeast',131,NULL,'Necessitatibus exercitationem eius vel est alias sunt. Autem sapiente optio sunt dolorum et autem tenetur. Non quaerat dolor ipsam odit. Deleniti a laudantium natus labore et voluptatem labore. Cumque minus omnis odit quia sequi sequi atque.',7.27,NULL,171,4,11),('yeast',132,NULL,'Beatae necessitatibus et et. Animi velit voluptatem optio asperiores sapiente delectus. Voluptatibus velit quibusdam suscipit amet.',2.86,NULL,172,4,11);
/*!40000 ALTER TABLE `ingredient_detail` ENABLE KEYS */;
UNLOCK TABLES;

--
-- Table structure for table `malt`
--

DROP TABLE IF EXISTS `malt`;
/*!40101 SET @saved_cs_client     = @@character_set_client */;
/*!50503 SET character_set_client = utf8 */;
CREATE TABLE `malt` (
  `id` bigint NOT NULL,
  `brand` varchar(255) DEFAULT NULL,
  `description` text,
  `image` varchar(255) DEFAULT NULL,
  `name` varchar(255) DEFAULT NULL,
  `malt_function` varchar(255) DEFAULT NULL,
  `malt_type` varchar(255) DEFAULT NULL,
  `place_id` bigint DEFAULT NULL,
  PRIMARY KEY (`id`),
  KEY `FKgi7s3mxr1aerq57snqlvguof9` (`place_id`),
  CONSTRAINT `FKgi7s3mxr1aerq57snqlvguof9` FOREIGN KEY (`place_id`) REFERENCES `place` (`id`)
) ENGINE=InnoDB DEFAULT CHARSET=utf8 COLLATE=utf8_general_ci;
/*!40101 SET character_set_client = @saved_cs_client */;

--
-- Dumping data for table `malt`
--

LOCK TABLES `malt` WRITE;
/*!40000 ALTER TABLE `malt` DISABLE KEYS */;
INSERT INTO `malt` VALUES (1,'Borer-Kautzer','Pilsner malt or lager malt is the standard malt type used for most lager production. These malts are produced to retain maximum enzyme activity and to preserve certain sulfur-based flavor precursors characteristic of light-colored lagers. They produce less color and flavor than standard base malts and are very useful in producing beers in which other flavors and aromas are to be achieved. Traditionally, they are less modified than pale ale malt, as indicated by the harder kernels.','https://riverbendmalt.com/wp-content/uploads/2019/07/Pilsner-Malt.jpg','Pilsner','base','Pilsner',1),(2,'Leffler Group','Pilsner malt or lager malt is the standard malt type used for most lager production. These malts are produced to retain maximum enzyme activity and to preserve certain sulfur-based flavor precursors characteristic of light-colored lagers. They produce less color and flavor than standard base malts and are very useful in producing beers in which other flavors and aromas are to be achieved. Traditionally, they are less modified than pale ale malt, as indicated by the harder kernels.','https://riverbendmalt.com/wp-content/uploads/2019/07/Pilsner-Malt.jpg','Pilsner','base','Pilsner',NULL),(3,'Gottlieb, Nitzsche and DuBuque','Pilsner malt or lager malt is the standard malt type used for most lager production. These malts are produced to retain maximum enzyme activity and to preserve certain sulfur-based flavor precursors characteristic of light-colored lagers. They produce less color and flavor than standard base malts and are very useful in producing beers in which other flavors and aromas are to be achieved. Traditionally, they are less modified than pale ale malt, as indicated by the harder kernels.','https://riverbendmalt.com/wp-content/uploads/2019/07/Pilsner-Malt.jpg','Pilsner','base','Pilsner',NULL),(22,'Champlin-Hudson','Pilsner malt or lager malt is the standard malt type used for most lager production. These malts are produced to retain maximum enzyme activity and to preserve certain sulfur-based flavor precursors characteristic of light-colored lagers. They produce less color and flavor than standard base malts and are very useful in producing beers in which other flavors and aromas are to be achieved. Traditionally, they are less modified than pale ale malt, as indicated by the harder kernels.','https://riverbendmalt.com/wp-content/uploads/2019/07/Pilsner-Malt.jpg','Pilsner','base','Pilsner',2),(23,'Monahan and Sons','Pilsner malt or lager malt is the standard malt type used for most lager production. These malts are produced to retain maximum enzyme activity and to preserve certain sulfur-based flavor precursors characteristic of light-colored lagers. They produce less color and flavor than standard base malts and are very useful in producing beers in which other flavors and aromas are to be achieved. Traditionally, they are less modified than pale ale malt, as indicated by the harder kernels.','https://riverbendmalt.com/wp-content/uploads/2019/07/Pilsner-Malt.jpg','Pilsner','base','Pilsner',NULL),(24,'Harber, Predovic and Lebsack','Pilsner malt or lager malt is the standard malt type used for most lager production. These malts are produced to retain maximum enzyme activity and to preserve certain sulfur-based flavor precursors characteristic of light-colored lagers. They produce less color and flavor than standard base malts and are very useful in producing beers in which other flavors and aromas are to be achieved. Traditionally, they are less modified than pale ale malt, as indicated by the harder kernels.','https://riverbendmalt.com/wp-content/uploads/2019/07/Pilsner-Malt.jpg','Pilsner','base','Pilsner',NULL),(43,'Kshlerin, Ankunding and Labadie','Pilsner malt or lager malt is the standard malt type used for most lager production. These malts are produced to retain maximum enzyme activity and to preserve certain sulfur-based flavor precursors characteristic of light-colored lagers. They produce less color and flavor than standard base malts and are very useful in producing beers in which other flavors and aromas are to be achieved. Traditionally, they are less modified than pale ale malt, as indicated by the harder kernels.','https://riverbendmalt.com/wp-content/uploads/2019/07/Pilsner-Malt.jpg','Pilsner','base','Pilsner',3),(44,'Predovic-Runolfsson','Pilsner malt or lager malt is the standard malt type used for most lager production. These malts are produced to retain maximum enzyme activity and to preserve certain sulfur-based flavor precursors characteristic of light-colored lagers. They produce less color and flavor than standard base malts and are very useful in producing beers in which other flavors and aromas are to be achieved. Traditionally, they are less modified than pale ale malt, as indicated by the harder kernels.','https://riverbendmalt.com/wp-content/uploads/2019/07/Pilsner-Malt.jpg','Pilsner','base','Pilsner',NULL),(45,'Kreiger Group','Pilsner malt or lager malt is the standard malt type used for most lager production. These malts are produced to retain maximum enzyme activity and to preserve certain sulfur-based flavor precursors characteristic of light-colored lagers. They produce less color and flavor than standard base malts and are very useful in producing beers in which other flavors and aromas are to be achieved. Traditionally, they are less modified than pale ale malt, as indicated by the harder kernels.','https://riverbendmalt.com/wp-content/uploads/2019/07/Pilsner-Malt.jpg','Pilsner','base','Pilsner',NULL),(64,'Goyette, Abshire and Maggio','Pilsner malt or lager malt is the standard malt type used for most lager production. These malts are produced to retain maximum enzyme activity and to preserve certain sulfur-based flavor precursors characteristic of light-colored lagers. They produce less color and flavor than standard base malts and are very useful in producing beers in which other flavors and aromas are to be achieved. Traditionally, they are less modified than pale ale malt, as indicated by the harder kernels.','https://riverbendmalt.com/wp-content/uploads/2019/07/Pilsner-Malt.jpg','Pilsner','base','Pilsner',4),(65,'Botsford LLC','Pilsner malt or lager malt is the standard malt type used for most lager production. These malts are produced to retain maximum enzyme activity and to preserve certain sulfur-based flavor precursors characteristic of light-colored lagers. They produce less color and flavor than standard base malts and are very useful in producing beers in which other flavors and aromas are to be achieved. Traditionally, they are less modified than pale ale malt, as indicated by the harder kernels.','https://riverbendmalt.com/wp-content/uploads/2019/07/Pilsner-Malt.jpg','Pilsner','base','Pilsner',NULL),(66,'Morar-Deckow','Pilsner malt or lager malt is the standard malt type used for most lager production. These malts are produced to retain maximum enzyme activity and to preserve certain sulfur-based flavor precursors characteristic of light-colored lagers. They produce less color and flavor than standard base malts and are very useful in producing beers in which other flavors and aromas are to be achieved. Traditionally, they are less modified than pale ale malt, as indicated by the harder kernels.','https://riverbendmalt.com/wp-content/uploads/2019/07/Pilsner-Malt.jpg','Pilsner','base','Pilsner',NULL),(85,'Raynor-Maggio','Pilsner malt or lager malt is the standard malt type used for most lager production. These malts are produced to retain maximum enzyme activity and to preserve certain sulfur-based flavor precursors characteristic of light-colored lagers. They produce less color and flavor than standard base malts and are very useful in producing beers in which other flavors and aromas are to be achieved. Traditionally, they are less modified than pale ale malt, as indicated by the harder kernels.','https://riverbendmalt.com/wp-content/uploads/2019/07/Pilsner-Malt.jpg','Pilsner','base','Pilsner',5),(86,'Trantow-Schuster','Pilsner malt or lager malt is the standard malt type used for most lager production. These malts are produced to retain maximum enzyme activity and to preserve certain sulfur-based flavor precursors characteristic of light-colored lagers. They produce less color and flavor than standard base malts and are very useful in producing beers in which other flavors and aromas are to be achieved. Traditionally, they are less modified than pale ale malt, as indicated by the harder kernels.','https://riverbendmalt.com/wp-content/uploads/2019/07/Pilsner-Malt.jpg','Pilsner','base','Pilsner',NULL),(87,'Schulist, Torphy and Kovacek','Pilsner malt or lager malt is the standard malt type used for most lager production. These malts are produced to retain maximum enzyme activity and to preserve certain sulfur-based flavor precursors characteristic of light-colored lagers. They produce less color and flavor than standard base malts and are very useful in producing beers in which other flavors and aromas are to be achieved. Traditionally, they are less modified than pale ale malt, as indicated by the harder kernels.','https://riverbendmalt.com/wp-content/uploads/2019/07/Pilsner-Malt.jpg','Pilsner','base','Pilsner',NULL),(106,'Hills-Mueller','Pilsner malt or lager malt is the standard malt type used for most lager production. These malts are produced to retain maximum enzyme activity and to preserve certain sulfur-based flavor precursors characteristic of light-colored lagers. They produce less color and flavor than standard base malts and are very useful in producing beers in which other flavors and aromas are to be achieved. Traditionally, they are less modified than pale ale malt, as indicated by the harder kernels.','https://riverbendmalt.com/wp-content/uploads/2019/07/Pilsner-Malt.jpg','Pilsner','base','Pilsner',6),(107,'Flatley-Rutherford','Pilsner malt or lager malt is the standard malt type used for most lager production. These malts are produced to retain maximum enzyme activity and to preserve certain sulfur-based flavor precursors characteristic of light-colored lagers. They produce less color and flavor than standard base malts and are very useful in producing beers in which other flavors and aromas are to be achieved. Traditionally, they are less modified than pale ale malt, as indicated by the harder kernels.','https://riverbendmalt.com/wp-content/uploads/2019/07/Pilsner-Malt.jpg','Pilsner','base','Pilsner',NULL),(108,'Auer Inc','Pilsner malt or lager malt is the standard malt type used for most lager production. These malts are produced to retain maximum enzyme activity and to preserve certain sulfur-based flavor precursors characteristic of light-colored lagers. They produce less color and flavor than standard base malts and are very useful in producing beers in which other flavors and aromas are to be achieved. Traditionally, they are less modified than pale ale malt, as indicated by the harder kernels.','https://riverbendmalt.com/wp-content/uploads/2019/07/Pilsner-Malt.jpg','Pilsner','base','Pilsner',NULL),(127,'Ullrich, Runte and Yundt','Pilsner malt or lager malt is the standard malt type used for most lager production. These malts are produced to retain maximum enzyme activity and to preserve certain sulfur-based flavor precursors characteristic of light-colored lagers. They produce less color and flavor than standard base malts and are very useful in producing beers in which other flavors and aromas are to be achieved. Traditionally, they are less modified than pale ale malt, as indicated by the harder kernels.','https://riverbendmalt.com/wp-content/uploads/2019/07/Pilsner-Malt.jpg','Pilsner','base','Pilsner',7),(128,'Armstrong Group','Pilsner malt or lager malt is the standard malt type used for most lager production. These malts are produced to retain maximum enzyme activity and to preserve certain sulfur-based flavor precursors characteristic of light-colored lagers. They produce less color and flavor than standard base malts and are very useful in producing beers in which other flavors and aromas are to be achieved. Traditionally, they are less modified than pale ale malt, as indicated by the harder kernels.','https://riverbendmalt.com/wp-content/uploads/2019/07/Pilsner-Malt.jpg','Pilsner','base','Pilsner',NULL),(129,'Mayert and Sons','Pilsner malt or lager malt is the standard malt type used for most lager production. These malts are produced to retain maximum enzyme activity and to preserve certain sulfur-based flavor precursors characteristic of light-colored lagers. They produce less color and flavor than standard base malts and are very useful in producing beers in which other flavors and aromas are to be achieved. Traditionally, they are less modified than pale ale malt, as indicated by the harder kernels.','https://riverbendmalt.com/wp-content/uploads/2019/07/Pilsner-Malt.jpg','Pilsner','base','Pilsner',NULL),(148,'Franecki and Sons','Pilsner malt or lager malt is the standard malt type used for most lager production. These malts are produced to retain maximum enzyme activity and to preserve certain sulfur-based flavor precursors characteristic of light-colored lagers. They produce less color and flavor than standard base malts and are very useful in producing beers in which other flavors and aromas are to be achieved. Traditionally, they are less modified than pale ale malt, as indicated by the harder kernels.','https://riverbendmalt.com/wp-content/uploads/2019/07/Pilsner-Malt.jpg','Pilsner','base','Pilsner',8),(149,'Gottlieb-Emard','Pilsner malt or lager malt is the standard malt type used for most lager production. These malts are produced to retain maximum enzyme activity and to preserve certain sulfur-based flavor precursors characteristic of light-colored lagers. They produce less color and flavor than standard base malts and are very useful in producing beers in which other flavors and aromas are to be achieved. Traditionally, they are less modified than pale ale malt, as indicated by the harder kernels.','https://riverbendmalt.com/wp-content/uploads/2019/07/Pilsner-Malt.jpg','Pilsner','base','Pilsner',NULL),(150,'Adams-Kub','Pilsner malt or lager malt is the standard malt type used for most lager production. These malts are produced to retain maximum enzyme activity and to preserve certain sulfur-based flavor precursors characteristic of light-colored lagers. They produce less color and flavor than standard base malts and are very useful in producing beers in which other flavors and aromas are to be achieved. Traditionally, they are less modified than pale ale malt, as indicated by the harder kernels.','https://riverbendmalt.com/wp-content/uploads/2019/07/Pilsner-Malt.jpg','Pilsner','base','Pilsner',NULL),(169,'Hermiston Inc','Pilsner malt or lager malt is the standard malt type used for most lager production. These malts are produced to retain maximum enzyme activity and to preserve certain sulfur-based flavor precursors characteristic of light-colored lagers. They produce less color and flavor than standard base malts and are very useful in producing beers in which other flavors and aromas are to be achieved. Traditionally, they are less modified than pale ale malt, as indicated by the harder kernels.','https://riverbendmalt.com/wp-content/uploads/2019/07/Pilsner-Malt.jpg','Pilsner','base','Pilsner',9),(170,'Heaney LLC','Pilsner malt or lager malt is the standard malt type used for most lager production. These malts are produced to retain maximum enzyme activity and to preserve certain sulfur-based flavor precursors characteristic of light-colored lagers. They produce less color and flavor than standard base malts and are very useful in producing beers in which other flavors and aromas are to be achieved. Traditionally, they are less modified than pale ale malt, as indicated by the harder kernels.','https://riverbendmalt.com/wp-content/uploads/2019/07/Pilsner-Malt.jpg','Pilsner','base','Pilsner',NULL),(171,'Rogahn and Sons','Pilsner malt or lager malt is the standard malt type used for most lager production. These malts are produced to retain maximum enzyme activity and to preserve certain sulfur-based flavor precursors characteristic of light-colored lagers. They produce less color and flavor than standard base malts and are very useful in producing beers in which other flavors and aromas are to be achieved. Traditionally, they are less modified than pale ale malt, as indicated by the harder kernels.','https://riverbendmalt.com/wp-content/uploads/2019/07/Pilsner-Malt.jpg','Pilsner','base','Pilsner',NULL),(190,'Klocko Inc','Pilsner malt or lager malt is the standard malt type used for most lager production. These malts are produced to retain maximum enzyme activity and to preserve certain sulfur-based flavor precursors characteristic of light-colored lagers. They produce less color and flavor than standard base malts and are very useful in producing beers in which other flavors and aromas are to be achieved. Traditionally, they are less modified than pale ale malt, as indicated by the harder kernels.','https://riverbendmalt.com/wp-content/uploads/2019/07/Pilsner-Malt.jpg','Pilsner','base','Pilsner',10),(191,'Lemke, McKenzie and Murray','Pilsner malt or lager malt is the standard malt type used for most lager production. These malts are produced to retain maximum enzyme activity and to preserve certain sulfur-based flavor precursors characteristic of light-colored lagers. They produce less color and flavor than standard base malts and are very useful in producing beers in which other flavors and aromas are to be achieved. Traditionally, they are less modified than pale ale malt, as indicated by the harder kernels.','https://riverbendmalt.com/wp-content/uploads/2019/07/Pilsner-Malt.jpg','Pilsner','base','Pilsner',NULL),(192,'Hintz, O\'Conner and Herman','Pilsner malt or lager malt is the standard malt type used for most lager production. These malts are produced to retain maximum enzyme activity and to preserve certain sulfur-based flavor precursors characteristic of light-colored lagers. They produce less color and flavor than standard base malts and are very useful in producing beers in which other flavors and aromas are to be achieved. Traditionally, they are less modified than pale ale malt, as indicated by the harder kernels.','https://riverbendmalt.com/wp-content/uploads/2019/07/Pilsner-Malt.jpg','Pilsner','base','Pilsner',NULL),(211,'Grant, Mertz and Langosh','Pilsner malt or lager malt is the standard malt type used for most lager production. These malts are produced to retain maximum enzyme activity and to preserve certain sulfur-based flavor precursors characteristic of light-colored lagers. They produce less color and flavor than standard base malts and are very useful in producing beers in which other flavors and aromas are to be achieved. Traditionally, they are less modified than pale ale malt, as indicated by the harder kernels.','https://riverbendmalt.com/wp-content/uploads/2019/07/Pilsner-Malt.jpg','Pilsner','base','Pilsner',11),(212,'Dietrich, Yost and Mitchell','Pilsner malt or lager malt is the standard malt type used for most lager production. These malts are produced to retain maximum enzyme activity and to preserve certain sulfur-based flavor precursors characteristic of light-colored lagers. They produce less color and flavor than standard base malts and are very useful in producing beers in which other flavors and aromas are to be achieved. Traditionally, they are less modified than pale ale malt, as indicated by the harder kernels.','https://riverbendmalt.com/wp-content/uploads/2019/07/Pilsner-Malt.jpg','Pilsner','base','Pilsner',NULL),(213,'Keeling Group','Pilsner malt or lager malt is the standard malt type used for most lager production. These malts are produced to retain maximum enzyme activity and to preserve certain sulfur-based flavor precursors characteristic of light-colored lagers. They produce less color and flavor than standard base malts and are very useful in producing beers in which other flavors and aromas are to be achieved. Traditionally, they are less modified than pale ale malt, as indicated by the harder kernels.','https://riverbendmalt.com/wp-content/uploads/2019/07/Pilsner-Malt.jpg','Pilsner','base','Pilsner',NULL);
/*!40000 ALTER TABLE `malt` ENABLE KEYS */;
UNLOCK TABLES;

--
-- Table structure for table `other_ingredient`
--

DROP TABLE IF EXISTS `other_ingredient`;
/*!40101 SET @saved_cs_client     = @@character_set_client */;
/*!50503 SET character_set_client = utf8 */;
CREATE TABLE `other_ingredient` (
  `id` bigint NOT NULL,
  `brand` varchar(255) DEFAULT NULL,
  `description` text,
  `image` varchar(255) DEFAULT NULL,
  `name` varchar(255) DEFAULT NULL,
  `place_id` bigint DEFAULT NULL,
  PRIMARY KEY (`id`),
  KEY `FKk12rbt309uu3sv4u32vsjcka9` (`place_id`),
  CONSTRAINT `FKk12rbt309uu3sv4u32vsjcka9` FOREIGN KEY (`place_id`) REFERENCES `place` (`id`)
) ENGINE=InnoDB DEFAULT CHARSET=utf8 COLLATE=utf8_general_ci;
/*!40101 SET character_set_client = @saved_cs_client */;

--
-- Dumping data for table `other_ingredient`
--

LOCK TABLES `other_ingredient` WRITE;
/*!40000 ALTER TABLE `other_ingredient` DISABLE KEYS */;
INSERT INTO `other_ingredient` VALUES (7,'Graham-Herman','Necessitatibus eum ratione recusandae. Corporis a eius optio occaecati et et hic. Id non consequatur ut sapiente facilis facilis. Laudantium id non et.','http://lorempixel.com/320/200/business/','Garlic Salt',1),(8,'Turcotte, Haley and Greenfelder','Nihil odio rerum cupiditate pariatur rerum illo. Error praesentium sint qui magni expedita sed. Soluta sed ipsam omnis omnis eos dolore.','http://lorempixel.com/g/720/348/technics/','Balti Stir Fry Mix',NULL),(9,'Vandervort Inc','Qui rerum voluptas inventore corporis. Consequatur sunt eum id. Adipisci provident rerum nobis doloribus minima repellendus quam. Amet quod iure.','http://lorempixel.com/g/640/350/fashion/','Chervil',NULL),(28,'Kemmer and Sons','Voluptas qui consequatur repudiandae harum. Nihil ut eum vel. Dolores id neque. Laborum neque id tenetur et nihil expedita id.','http://lorempixel.com/g/1680/1050/abstract/','Methi',2),(29,'Lebsack-Leffler','Nihil magni sit veniam. Harum praesentium ex ratione. Iste quia qui incidunt velit est esse aut. Inventore quia laborum dolores.','http://lorempixel.com/1920/1200/nature/','Chilli Pepper',NULL),(30,'Botsford-Walter','Unde laboriosam magni amet quibusdam. Dolores ab aut explicabo consequuntur. Dolore magnam autem tempore amet voluptatem quis. Asperiores sint nihil. Voluptatem eius aliquam corrupti.','http://lorempixel.com/720/348/city/','Mustard Seed Yellow',NULL),(49,'Gibson-Daugherty','Possimus quasi quis et mollitia. Et omnis temporibus dolor dolor sit. Dolorem omnis nemo iste reprehenderit magnam ullam. Quas eos tenetur aliquam cum dignissimos numquam dolor. Aliquid quia corrupti omnis est.','http://lorempixel.com/1680/1050/transport/','Celery Salt',3),(50,'Bauch LLC','Enim non nam aut. Hic aut est numquam velit itaque cum voluptas. Earum natus velit aut. Facilis ut voluptatibus nostrum quod perferendis aut. Earum facere similique corporis expedita impedit officiis exercitationem.','http://lorempixel.com/1024/768/business/','Garlic Granules',NULL),(51,'Hoppe Inc','Iure voluptas perferendis adipisci dicta nam. Quam sapiente eius facilis consequatur incidunt error veritatis. Sed officia cupiditate mollitia quod unde ea. Nesciunt repellat est beatae modi sequi. Adipisci quibusdam illo ipsa.','http://lorempixel.com/640/200/sports/','Green Cardamom',NULL),(70,'Kertzmann LLC','Occaecati voluptatum laboriosam sunt et quaerat explicabo. Sed ex ex tempore eveniet. Ab commodi laborum harum perspiciatis qui nihil. Sed quo repudiandae labore error nisi eveniet.','http://lorempixel.com/g/1600/1200/city/','Thai Red Curry Mix',4),(71,'Schumm-Dicki','Quidem omnis ducimus enim assumenda. Hic enim commodi optio quidem et et et. Nam amet sint. Molestias voluptas quaerat.','http://lorempixel.com/320/200/fashion/','Marjoram',NULL),(72,'Durgan-Denesik','Dolorem quo minima saepe non sed voluptatem. Fugiat exercitationem omnis in et. Aut dolorem tenetur magni. Autem aliquam ut sint.','http://lorempixel.com/1920/1200/nature/','Tarragon',NULL),(91,'Trantow-McLaughlin','Qui natus dolore. Nemo quis repellendus. Dicta ut sit velit est voluptates.','http://lorempixel.com/1600/1200/abstract/','Cassia Bark',5),(92,'Rempel-Streich','Optio repudiandae dolorem aut architecto. Aut est vel. Necessitatibus repudiandae aut placeat. Error perferendis quos eos sit. Ratione blanditiis modi.','http://lorempixel.com/g/640/200/business/','Korma Curry Powder',NULL),(93,'Hilll Group','Labore officia voluptatum est et cumque. Aut nihil similique repudiandae eos dolores. Quod voluptates facere sed consequatur et ut magni. Recusandae non blanditiis.','http://lorempixel.com/640/350/sports/','Jalfrezi Mix',NULL),(112,'Jacobi Group','Enim aspernatur sint natus nostrum et. Laudantium nihil quidem. Quos quasi asperiores. Nostrum magni cupiditate amet ullam. Beatae ut consequatur est a mollitia ex.','http://lorempixel.com/320/200/nature/','Piri Piri Seasoning',6),(113,'Rolfson Group','Sit amet deleniti repellendus. Fugit maxime blanditiis. Quasi non iusto eaque molestiae qui maxime.','http://lorempixel.com/1600/1200/abstract/','Cumin Seed Black',NULL),(114,'Spencer and Sons','Dolore autem facilis. Sequi beatae maxime assumenda eius eos nihil unde. Officiis exercitationem et dolor aut placeat.','http://lorempixel.com/g/640/480/food/','Juniper Berries',NULL),(133,'Johnson-Ryan','Expedita repudiandae vitae. Voluptatem in adipisci veritatis omnis. Qui esse reprehenderit impedit dolores nisi aut facere.','http://lorempixel.com/640/200/city/','Baharat',7),(134,'Jaskolski-Howell','Aliquam expedita animi quaerat qui blanditiis dolorem corporis. Eveniet alias quas eveniet qui maiores voluptas temporibus. Ratione adipisci ipsa dolores dolore omnis. Ducimus consequatur sunt sunt voluptas deleniti et qui.','http://lorempixel.com/g/1024/768/sports/','Chilli Crushed',NULL),(135,'Quigley-Frami','Nobis consectetur nostrum autem porro vero. Non molestias fugiat. Et qui placeat omnis. Ea blanditiis sed. Est commodi explicabo velit et labore nesciunt.','http://lorempixel.com/1600/1200/business/','Fines Herbes',NULL),(154,'Johnson LLC','Aliquam aut distinctio non ducimus praesentium et. Aut velit repudiandae ut quasi. Iste harum ut error voluptatem ut non voluptatem. Perferendis officia laborum nihil explicabo. Non vel molestiae est.','http://lorempixel.com/g/1280/1024/abstract/','Paprika Smoked',8),(155,'Abbott, Gulgowski and Zemlak','Deserunt vero iusto non iusto quidem. Sint aliquam sint ut quidem aut. In ea maxime enim iste. Autem dolor aliquam doloremque minima error dolores.','http://lorempixel.com/1366/768/cats/','Chinese 5 Spice',NULL),(156,'Prosacco-Gislason','Ab quia provident. Dolores nihil exercitationem soluta. Quo dolores odio hic porro voluptatem est cumque.','http://lorempixel.com/1600/1200/technics/','Cumin Seed Black',NULL),(175,'Upton-Bogisich','Soluta sed iusto maiores officiis. Consequatur voluptas ipsam sint adipisci labore asperiores. Iste dicta ut blanditiis similique. Sapiente omnis deserunt impedit quos quo consequuntur nobis. Veniam non vitae.','http://lorempixel.com/1920/1200/nightlife/','Saffron',9),(176,'Schowalter-Carroll','Molestias non consequuntur. Doloribus rerum incidunt. Culpa quaerat corporis natus id qui voluptatum aut. Voluptatem molestias voluptatem quisquam qui. A qui eaque ut dolorum ex recusandae ut.','http://lorempixel.com/g/320/200/food/','Parsley',NULL),(177,'Carter Inc','Excepturi nobis libero totam. Dicta asperiores inventore et doloribus. Quos sit minus velit placeat.','http://lorempixel.com/g/640/200/technics/','Garlic Chips',NULL),(196,'Conroy and Sons','Consectetur recusandae ea nihil. Praesentium ipsam et et error est debitis. Dignissimos exercitationem voluptatem autem asperiores officia ut ab. Pariatur qui et sed ad. Soluta vitae quod odio dicta fugit.','http://lorempixel.com/g/1280/1024/animals/','Mustard Seed White',10),(197,'Roberts Group','Natus fuga perspiciatis eveniet qui qui. Numquam exercitationem et. Rerum nam illo minima reprehenderit quas. Et ut quia distinctio quaerat voluptas ea.','http://lorempixel.com/1024/768/sports/','Cinnamon Sticks',NULL),(198,'Lynch, Schulist and Mertz','Vitae molestiae perferendis laborum modi minus. Ipsum qui vitae consequatur. Et omnis iste et eum ut. Eius ut dolorum.','http://lorempixel.com/g/720/348/fashion/','Coriander Seed',NULL),(217,'Kovacek, Mueller and Kessler','Aut earum qui est. Qui odit dolores labore nesciunt ducimus optio hic. Commodi iste voluptates. Et quia iusto ipsum facilis. Maiores minus enim aut nostrum sapiente aperiam.','http://lorempixel.com/1366/768/city/','Dhansak Spice Mix',11),(218,'Kozey-Lakin','Ea ut deserunt. Autem rerum veniam et est. Ea nesciunt quos. Necessitatibus fugiat quidem quia laboriosam consequuntur incidunt error. Ut quia non inventore dicta velit deleniti necessitatibus.','http://lorempixel.com/g/640/480/fashion/','Dhansak Spice Mix',NULL),(219,'Romaguera-Reinger','Error quasi omnis facilis maxime. Autem ullam ea qui nemo. Aut beatae voluptatibus id dicta asperiores ut velit.','http://lorempixel.com/g/1024/768/fashion/','Parsley',NULL);
/*!40000 ALTER TABLE `other_ingredient` ENABLE KEYS */;
UNLOCK TABLES;

--
-- Table structure for table `password_reset_token`
--

DROP TABLE IF EXISTS `password_reset_token`;
/*!40101 SET @saved_cs_client     = @@character_set_client */;
/*!50503 SET character_set_client = utf8 */;
CREATE TABLE `password_reset_token` (
  `id` bigint NOT NULL,
  `expiry_date` date NOT NULL,
  `token` varchar(255) NOT NULL,
  `user_id` bigint NOT NULL,
  PRIMARY KEY (`id`),
  UNIQUE KEY `UK_g0guo4k8krgpwuagos61oc06j` (`token`),
  KEY `FK5lwtbncug84d4ero33v3cfxvl` (`user_id`),
  CONSTRAINT `FK5lwtbncug84d4ero33v3cfxvl` FOREIGN KEY (`user_id`) REFERENCES `user` (`id`)
) ENGINE=InnoDB DEFAULT CHARSET=utf8 COLLATE=utf8_general_ci;
/*!40101 SET character_set_client = @saved_cs_client */;

--
-- Dumping data for table `password_reset_token`
--

LOCK TABLES `password_reset_token` WRITE;
/*!40000 ALTER TABLE `password_reset_token` DISABLE KEYS */;
/*!40000 ALTER TABLE `password_reset_token` ENABLE KEYS */;
UNLOCK TABLES;

--
-- Table structure for table `place`
--

DROP TABLE IF EXISTS `place`;
/*!40101 SET @saved_cs_client     = @@character_set_client */;
/*!50503 SET character_set_client = utf8 */;
CREATE TABLE `place` (
  `id` bigint NOT NULL AUTO_INCREMENT,
  `city` varchar(255) DEFAULT NULL,
  `coordinates` varchar(255) DEFAULT NULL,
  `country` varchar(255) DEFAULT NULL,
  PRIMARY KEY (`id`)
) ENGINE=InnoDB AUTO_INCREMENT=12 DEFAULT CHARSET=utf8 COLLATE=utf8_general_ci;
/*!40101 SET character_set_client = @saved_cs_client */;

--
-- Dumping data for table `place`
--

LOCK TABLES `place` WRITE;
/*!40000 ALTER TABLE `place` DISABLE KEYS */;
INSERT INTO `place` VALUES (1,'Munich','480815N 113430E','Germany'),(2,'Munich','480815N 113430E','Germany'),(3,'Munich','480815N 113430E','Germany'),(4,'Munich','480815N 113430E','Germany'),(5,'Munich','480815N 113430E','Germany'),(6,'Munich','480815N 113430E','Germany'),(7,'Munich','480815N 113430E','Germany'),(8,'Munich','480815N 113430E','Germany'),(9,'Munich','480815N 113430E','Germany'),(10,'Munich','480815N 113430E','Germany'),(11,'Munich','480815N 113430E','Germany');
/*!40000 ALTER TABLE `place` ENABLE KEYS */;
UNLOCK TABLES;

--
-- Table structure for table `rating`
--

DROP TABLE IF EXISTS `rating`;
/*!40101 SET @saved_cs_client     = @@character_set_client */;
/*!50503 SET character_set_client = utf8 */;
CREATE TABLE `rating` (
  `id` bigint NOT NULL AUTO_INCREMENT,
  `created_date` datetime(6) DEFAULT NULL,
  `rating` int DEFAULT NULL,
  `recipe_id` bigint DEFAULT NULL,
  `user_id` bigint DEFAULT NULL,
  PRIMARY KEY (`id`),
  KEY `FK6x7y7iu3omnr3wcg93jkfdorb` (`recipe_id`),
  KEY `FKpn05vbx6usw0c65tcyuce4dw5` (`user_id`),
  CONSTRAINT `FK6x7y7iu3omnr3wcg93jkfdorb` FOREIGN KEY (`recipe_id`) REFERENCES `recipe` (`id`),
  CONSTRAINT `FKpn05vbx6usw0c65tcyuce4dw5` FOREIGN KEY (`user_id`) REFERENCES `user` (`id`)
) ENGINE=InnoDB AUTO_INCREMENT=34 DEFAULT CHARSET=utf8 COLLATE=utf8_general_ci;
/*!40101 SET character_set_client = @saved_cs_client */;

--
-- Dumping data for table `rating`
--

LOCK TABLES `rating` WRITE;
/*!40000 ALTER TABLE `rating` DISABLE KEYS */;
INSERT INTO `rating` VALUES (1,'2022-04-05 07:20:33.910000',2,1,1),(2,'2022-04-05 07:20:33.916000',1,1,1),(3,'2022-04-05 07:20:33.919000',2,1,1),(4,'2022-04-05 07:20:34.520000',1,2,2),(5,'2022-04-05 07:20:34.522000',4,2,2),(6,'2022-04-05 07:20:34.524000',2,2,2),(7,'2022-04-05 07:20:35.129000',3,3,3),(8,'2022-04-05 07:20:35.132000',3,3,3),(9,'2022-04-05 07:20:35.133000',4,3,3),(10,'2022-04-05 07:20:35.699000',3,4,4),(11,'2022-04-05 07:20:35.704000',4,4,4),(12,'2022-04-05 07:20:35.705000',1,4,4),(13,'2022-04-05 07:20:36.308000',0,5,5),(14,'2022-04-05 07:20:36.309000',2,5,5),(15,'2022-04-05 07:20:36.310000',4,5,5),(16,'2022-04-05 07:20:36.841000',3,6,6),(17,'2022-04-05 07:20:36.842000',0,6,6),(18,'2022-04-05 07:20:36.844000',1,6,6),(19,'2022-04-05 07:20:37.392000',4,7,7),(20,'2022-04-05 07:20:37.393000',4,7,7),(21,'2022-04-05 07:20:37.395000',0,7,7),(22,'2022-04-05 07:20:38.010000',1,8,8),(23,'2022-04-05 07:20:38.013000',1,8,8),(24,'2022-04-05 07:20:38.014000',2,8,8),(25,'2022-04-05 07:20:38.557000',0,9,9),(26,'2022-04-05 07:20:38.559000',1,9,9),(27,'2022-04-05 07:20:38.561000',2,9,9),(28,'2022-04-05 07:20:39.102000',2,10,10),(29,'2022-04-05 07:20:39.104000',3,10,10),(30,'2022-04-05 07:20:39.105000',2,10,10),(31,'2022-04-05 07:20:39.620000',3,11,11),(32,'2022-04-05 07:20:39.621000',1,11,11),(33,'2022-04-05 07:20:39.622000',4,11,11);
/*!40000 ALTER TABLE `rating` ENABLE KEYS */;
UNLOCK TABLES;

--
-- Table structure for table `recipe`
--

DROP TABLE IF EXISTS `recipe`;
/*!40101 SET @saved_cs_client     = @@character_set_client */;
/*!50503 SET character_set_client = utf8 */;
CREATE TABLE `recipe` (
  `id` bigint NOT NULL AUTO_INCREMENT,
  `batch_size` double DEFAULT NULL,
  `boil_time` double DEFAULT NULL,
  `cost` double DEFAULT NULL,
  `created_date` datetime(6) DEFAULT NULL,
  `efficiency` double DEFAULT NULL,
  `final_gravity` double DEFAULT NULL,
  `hop_utilization` double DEFAULT NULL,
  `ibu` double DEFAULT NULL,
  `mash_ph` double DEFAULT NULL,
  `method` varchar(255) DEFAULT NULL,
  `name` varchar(255) DEFAULT NULL,
  `original_gravity` double DEFAULT NULL,
  `post_boil_size` double DEFAULT NULL,
  `pre_boil_gravity` double DEFAULT NULL,
  `pre_boil_size` double DEFAULT NULL,
  `srm` double DEFAULT NULL,
  `style` varchar(255) DEFAULT NULL,
  `place_id` bigint DEFAULT NULL,
  `user_id` bigint DEFAULT NULL,
  PRIMARY KEY (`id`),
  KEY `FKq176yxhufnb30ybalxxhirfj4` (`place_id`),
  KEY `FKc8o8io8s0f7nqcd3429u6cxjs` (`user_id`),
  CONSTRAINT `FKc8o8io8s0f7nqcd3429u6cxjs` FOREIGN KEY (`user_id`) REFERENCES `user` (`id`),
  CONSTRAINT `FKq176yxhufnb30ybalxxhirfj4` FOREIGN KEY (`place_id`) REFERENCES `place` (`id`)
) ENGINE=InnoDB AUTO_INCREMENT=34 DEFAULT CHARSET=utf8 COLLATE=utf8_general_ci;
/*!40101 SET character_set_client = @saved_cs_client */;

--
-- Dumping data for table `recipe`
--

LOCK TABLES `recipe` WRITE;
/*!40000 ALTER TABLE `recipe` DISABLE KEYS */;
INSERT INTO `recipe` VALUES (1,4.22,29.31,9.38,'2022-04-05 07:20:33.446000',37.42,1.275,37.42,55.33,4.93,'Chocolate','Hennepin',1.275,4.22,1.275,4.22,33.38,'Fruit Beer',1,1),(2,10.92,25.63,3.34,'2022-04-05 07:20:33.452000',68.23,1.796,68.23,60.44,2.5,'Rye malt','HopSlam Ale',1.796,10.92,1.796,10.92,9.57,'Smoke-flavored',NULL,1),(3,10.9,38.14,7.76,'2022-04-05 07:20:33.455000',15.98,1.219,15.98,66.78,3.03,'Rye malt','Ruination IPA',1.219,10.9,1.219,10.9,1.73,'Scottish And Irish Ale',NULL,1),(4,1.64,12.36,6.25,'2022-04-05 07:20:34.185000',78.6,1.021,78.6,26.66,9.28,'Carapils','Schneider Aventinus',1.021,1.64,1.021,1.64,21.94,'Porter',2,2),(5,10.32,80.33,6.77,'2022-04-05 07:20:34.188000',80.75,1.403,80.75,79.76,4.24,'Rye malt','90 Minute IPA',1.403,10.32,1.403,10.32,19.99,'Strong Ale',NULL,2),(6,6.62,15.71,3.67,'2022-04-05 07:20:34.190000',73.86,1.622,73.86,83.55,3.67,'Wheat mal','Duvel',1.622,6.62,1.622,6.62,10.03,'Bock',NULL,2),(7,10.24,1.99,9.6,'2022-04-05 07:20:34.805000',62.96,1.901,62.96,69.59,7.94,'Roasted barley','Bells Expedition',1.901,10.24,1.901,10.24,17.6,'India Pale Ale',3,3),(8,12.18,77.32,7.61,'2022-04-05 07:20:34.809000',47.42,1.352,47.42,107.09,1.63,'Special roast','Maharaj',1.352,12.18,1.352,12.18,7.65,'Bock',NULL,3),(9,1.72,3.15,4.14,'2022-04-05 07:20:34.812000',13.16,1.986,13.16,64.7,7.27,'Munich','Trois Pistoles',1.986,1.72,1.986,1.72,1.05,'India Pale Ale',NULL,3),(10,5.34,24.98,7.62,'2022-04-05 07:20:35.383000',85.66,1.714,85.66,17.86,0.01,'Carapils','90 Minute IPA',1.714,5.34,1.714,5.34,1.71,'Scottish And Irish Ale',4,4),(11,2.13,74.48,2.63,'2022-04-05 07:20:35.386000',24.52,1.519,24.52,69.76,6.87,'Wheat mal','Oak Aged Yeti Imperial Stout',1.519,2.13,1.519,2.13,5.24,'Sour Ale',NULL,4),(12,13.85,17.51,7.17,'2022-04-05 07:20:35.387000',21.14,1.503,21.14,49.74,7.77,'Wheat mal','Brooklyn Black',1.503,13.85,1.503,13.85,29.16,'European Amber Lager',NULL,4),(13,15.66,13.14,7.94,'2022-04-05 07:20:36.002000',39.75,1.574,39.75,35.18,6.51,'Chocolate','Chocolate St',1.574,15.66,1.574,15.66,2.4,'Vegetable Beer',5,5),(14,2.83,63.42,9.84,'2022-04-05 07:20:36.005000',66.08,1.117,66.08,7.95,3.03,'Caramel','Trois Pistoles',1.117,2.83,1.117,2.83,1.77,'Sour Ale',NULL,5),(15,15.76,58.27,2.2,'2022-04-05 07:20:36.007000',72.85,1.201,72.85,104.55,3.21,'Special roast','Oak Aged Yeti Imperial Stout',1.201,15.76,1.201,15.76,37.21,'European Amber Lager',NULL,5),(16,6.13,38.26,4.01,'2022-04-05 07:20:36.545000',8.47,1.354,8.47,68.44,0.82,'Victory','Sublimely Self-Righteous Ale',1.354,6.13,1.354,6.13,30.98,'European Amber Lager',6,6),(17,1.18,79.88,1.52,'2022-04-05 07:20:36.547000',80.43,1.97,80.43,67.16,5.56,'Roasted barley','Oaked Arrogant Bastard Ale',1.97,1.18,1.97,1.18,14.79,'Light Hybrid Beer',NULL,6),(18,9.05,18,4.81,'2022-04-05 07:20:36.549000',29.8,1.114,29.8,28.95,5.53,'Caramel','St. Bernardus Abt 12',1.114,9.05,1.114,9.05,32.42,'Fruit Beer',NULL,6),(19,11.58,20.15,4.29,'2022-04-05 07:20:37.096000',32.75,1.699,32.75,21.64,11.21,'Chocolate','Alpha King Pale Ale',1.699,11.58,1.699,11.58,37.05,'Sour Ale',7,7),(20,9.67,79.44,5.05,'2022-04-05 07:20:37.099000',88.95,1.814,88.95,0.47,2.76,'Munich','Bells Expedition',1.814,9.67,1.814,9.67,34.03,'Scottish And Irish Ale',NULL,7),(21,4.08,23.47,9.84,'2022-04-05 07:20:37.101000',56.72,1.803,56.72,30.18,0.85,'Special roast','Edmund Fitzgerald Porter',1.803,4.08,1.803,4.08,23.88,'Dark Lager',NULL,7),(22,13.35,49.54,6.54,'2022-04-05 07:20:37.666000',63.07,1.652,63.07,25.56,8.48,'Munich','Hercules Double IPA',1.652,13.35,1.652,13.35,2.57,'Dark Lager',8,8),(23,2.56,46.45,7.31,'2022-04-05 07:20:37.668000',88.21,1.965,88.21,83.76,10.32,'Special roast','Kirin Inchiban',1.965,2.56,1.965,2.56,13.86,'Light Hybrid Beer',NULL,8),(24,14.36,34.08,5.48,'2022-04-05 07:20:37.670000',38.88,1.949,38.88,29.77,5.97,'Munich','Delirium Noctorum',1.949,14.36,1.949,14.36,6.84,'Light Lager',NULL,8),(25,17.09,29.13,4.53,'2022-04-05 07:20:38.261000',55.29,1.994,55.29,65.19,0.59,'Roasted barley','Nugget Nectar',1.994,17.09,1.994,17.09,12.49,'Smoke-flavored',9,9),(26,12.79,22.12,5.74,'2022-04-05 07:20:38.264000',27.07,1.387,27.07,26.05,1.51,'Munich','Racer 5 India Pale Ale, Bear Republic Bre',1.387,12.79,1.387,12.79,34.37,'Belgian Strong Ale',NULL,9),(27,6.34,28.36,5.25,'2022-04-05 07:20:38.266000',85.69,1.207,85.69,34.46,6.91,'Rye malt','Delirium Noctorum',1.207,6.34,1.207,6.34,37.91,'Sour Ale',NULL,9),(28,2.6,60,6.07,'2022-04-05 07:20:38.804000',16.87,1.953,16.87,93.99,3.06,'Munich','Dreadnaught IPA',1.953,2.6,1.953,2.6,23.29,'Stout',10,10),(29,6.57,14.17,7.4,'2022-04-05 07:20:38.806000',39.56,1.862,39.56,17.41,9.37,'Special roast','Double Bastard Ale',1.862,6.57,1.862,6.57,18.58,'Fruit Beer',NULL,10),(30,15.38,47.08,6.57,'2022-04-05 07:20:38.808000',36.38,1.557,36.38,89.09,8.08,'Carapils','Samuel Smiths Oatmeal Stout',1.557,15.38,1.557,15.38,20.71,'Scottish And Irish Ale',NULL,10),(31,7.86,31.08,2.03,'2022-04-05 07:20:39.345000',43.53,1.801,43.53,59.3,3.3,'Victory','Storm King Stout',1.801,7.86,1.801,7.86,1.7,'Dark Lager',11,11),(32,4.35,59.48,7.8,'2022-04-05 07:20:39.348000',76.83,1.953,76.83,17.49,3.66,'Carapils','Oaked Arrogant Bastard Ale',1.953,4.35,1.953,4.35,34.93,'Stout',NULL,11),(33,9.26,58.95,6.12,'2022-04-05 07:20:39.349000',61.26,1.544,61.26,3.86,11.01,'Black malt','Stone IPA',1.544,9.26,1.544,9.26,34.91,'European Amber Lager',NULL,11);
/*!40000 ALTER TABLE `recipe` ENABLE KEYS */;
UNLOCK TABLES;

--
-- Table structure for table `recipe_event`
--

DROP TABLE IF EXISTS `recipe_event`;
/*!40101 SET @saved_cs_client     = @@character_set_client */;
/*!50503 SET character_set_client = utf8 */;
CREATE TABLE `recipe_event` (
  `type` varchar(31) NOT NULL,
  `id` bigint NOT NULL AUTO_INCREMENT,
  `notes` varchar(255) DEFAULT NULL,
  `pause` bit(1) DEFAULT NULL,
  `secs_to_flame_out` bigint DEFAULT NULL,
  `temperature` double DEFAULT NULL,
  `recipe_id` bigint DEFAULT NULL,
  PRIMARY KEY (`id`),
  KEY `FK5ricvlj3n0833lm050h09qpfc` (`recipe_id`),
  CONSTRAINT `FK5ricvlj3n0833lm050h09qpfc` FOREIGN KEY (`recipe_id`) REFERENCES `recipe` (`id`)
) ENGINE=InnoDB AUTO_INCREMENT=177 DEFAULT CHARSET=utf8 COLLATE=utf8_general_ci;
/*!40101 SET character_set_client = @saved_cs_client */;

--
-- Dumping data for table `recipe_event`
--

LOCK TABLES `recipe_event` WRITE;
/*!40000 ALTER TABLE `recipe_event` DISABLE KEYS */;
INSERT INTO `recipe_event` VALUES ('ingredient',1,'Adding the hops now will add bitterness',_binary '\0',3500,NULL,1),('ingredient',2,'Aroma hops',_binary '\0',300,NULL,1),('ingredient',3,'Even more aroma',_binary '\0',0,NULL,1),('ingredient',4,'Add extra DME',_binary '\0',1800,NULL,1),('ingredient',5,'Steep special malt #1 to get those proteins',_binary '\0',7200,NULL,1),('ingredient',6,'Add 90% of the DME',_binary '\0',3600,NULL,1),('ingredient',7,'Raise that pH',_binary '\0',3600,NULL,1),('ingredient',8,'Get that chocolatiness',_binary '\0',-40000,NULL,1),('ingredient',9,'Sterilize your wort',_binary '\0',-360000,NULL,1),('ingredient',10,'Wait for wort to drop below 24 C',_binary '',0,NULL,1),('ingredient',11,'Mix in a lager yeast',_binary '',-200,NULL,1),('ingredient',12,'A third and final yeast for good measure',_binary '',-4000,NULL,1),('note',13,'Qui perferendis et mollitia dolorum illo.',_binary '',3600,NULL,1),('temperature',14,'This temp makes everything taste good.',_binary '\0',3400,33.33,1),('temperature',15,'This temp makes everything taste bad.',_binary '\0',300,50.33,1),('temperature',16,'This temp makes everything taste okay.',_binary '\0',-10000,0.33,1),('ingredient',17,'Adding the hops now will add bitterness',_binary '\0',3500,NULL,2),('ingredient',18,'Aroma hops',_binary '\0',300,NULL,2),('ingredient',19,'Even more aroma',_binary '\0',0,NULL,2),('ingredient',20,'Add extra DME',_binary '\0',1800,NULL,2),('ingredient',21,'Steep special malt #1 to get those proteins',_binary '\0',7200,NULL,2),('ingredient',22,'Add 90% of the DME',_binary '\0',3600,NULL,2),('ingredient',23,'Raise that pH',_binary '\0',3600,NULL,2),('ingredient',24,'Get that chocolatiness',_binary '\0',-40000,NULL,2),('ingredient',25,'Sterilize your wort',_binary '\0',-360000,NULL,2),('ingredient',26,'Wait for wort to drop below 24 C',_binary '',0,NULL,2),('ingredient',27,'Mix in a lager yeast',_binary '',-200,NULL,2),('ingredient',28,'A third and final yeast for good measure',_binary '',-4000,NULL,2),('note',29,'Aliquid voluptas odio quisquam dolorem.',_binary '',3600,NULL,2),('temperature',30,'This temp makes everything taste good.',_binary '\0',3400,33.33,2),('temperature',31,'This temp makes everything taste bad.',_binary '\0',300,50.33,2),('temperature',32,'This temp makes everything taste okay.',_binary '\0',-10000,0.33,2),('ingredient',33,'Adding the hops now will add bitterness',_binary '\0',3500,NULL,3),('ingredient',34,'Aroma hops',_binary '\0',300,NULL,3),('ingredient',35,'Even more aroma',_binary '\0',0,NULL,3),('ingredient',36,'Add extra DME',_binary '\0',1800,NULL,3),('ingredient',37,'Steep special malt #1 to get those proteins',_binary '\0',7200,NULL,3),('ingredient',38,'Add 90% of the DME',_binary '\0',3600,NULL,3),('ingredient',39,'Raise that pH',_binary '\0',3600,NULL,3),('ingredient',40,'Get that chocolatiness',_binary '\0',-40000,NULL,3),('ingredient',41,'Sterilize your wort',_binary '\0',-360000,NULL,3),('ingredient',42,'Wait for wort to drop below 24 C',_binary '',0,NULL,3),('ingredient',43,'Mix in a lager yeast',_binary '',-200,NULL,3),('ingredient',44,'A third and final yeast for good measure',_binary '',-4000,NULL,3),('note',45,'Ipsam dolor ducimus consequatur itaque in aspernatur.',_binary '',3600,NULL,3),('temperature',46,'This temp makes everything taste good.',_binary '\0',3400,33.33,3),('temperature',47,'This temp makes everything taste bad.',_binary '\0',300,50.33,3),('temperature',48,'This temp makes everything taste okay.',_binary '\0',-10000,0.33,3),('ingredient',49,'Adding the hops now will add bitterness',_binary '\0',3500,NULL,4),('ingredient',50,'Aroma hops',_binary '\0',300,NULL,4),('ingredient',51,'Even more aroma',_binary '\0',0,NULL,4),('ingredient',52,'Add extra DME',_binary '\0',1800,NULL,4),('ingredient',53,'Steep special malt #1 to get those proteins',_binary '\0',7200,NULL,4),('ingredient',54,'Add 90% of the DME',_binary '\0',3600,NULL,4),('ingredient',55,'Raise that pH',_binary '\0',3600,NULL,4),('ingredient',56,'Get that chocolatiness',_binary '\0',-40000,NULL,4),('ingredient',57,'Sterilize your wort',_binary '\0',-360000,NULL,4),('ingredient',58,'Wait for wort to drop below 24 C',_binary '',0,NULL,4),('ingredient',59,'Mix in a lager yeast',_binary '',-200,NULL,4),('ingredient',60,'A third and final yeast for good measure',_binary '',-4000,NULL,4),('note',61,'Iste enim hic.',_binary '',3600,NULL,4),('temperature',62,'This temp makes everything taste good.',_binary '\0',3400,33.33,4),('temperature',63,'This temp makes everything taste bad.',_binary '\0',300,50.33,4),('temperature',64,'This temp makes everything taste okay.',_binary '\0',-10000,0.33,4),('ingredient',65,'Adding the hops now will add bitterness',_binary '\0',3500,NULL,5),('ingredient',66,'Aroma hops',_binary '\0',300,NULL,5),('ingredient',67,'Even more aroma',_binary '\0',0,NULL,5),('ingredient',68,'Add extra DME',_binary '\0',1800,NULL,5),('ingredient',69,'Steep special malt #1 to get those proteins',_binary '\0',7200,NULL,5),('ingredient',70,'Add 90% of the DME',_binary '\0',3600,NULL,5),('ingredient',71,'Raise that pH',_binary '\0',3600,NULL,5),('ingredient',72,'Get that chocolatiness',_binary '\0',-40000,NULL,5),('ingredient',73,'Sterilize your wort',_binary '\0',-360000,NULL,5),('ingredient',74,'Wait for wort to drop below 24 C',_binary '',0,NULL,5),('ingredient',75,'Mix in a lager yeast',_binary '',-200,NULL,5),('ingredient',76,'A third and final yeast for good measure',_binary '',-4000,NULL,5),('note',77,'Magni blanditiis ducimus fugit eaque tempore possimus exercitationem.',_binary '',3600,NULL,5),('temperature',78,'This temp makes everything taste good.',_binary '\0',3400,33.33,5),('temperature',79,'This temp makes everything taste bad.',_binary '\0',300,50.33,5),('temperature',80,'This temp makes everything taste okay.',_binary '\0',-10000,0.33,5),('ingredient',81,'Adding the hops now will add bitterness',_binary '\0',3500,NULL,6),('ingredient',82,'Aroma hops',_binary '\0',300,NULL,6),('ingredient',83,'Even more aroma',_binary '\0',0,NULL,6),('ingredient',84,'Add extra DME',_binary '\0',1800,NULL,6),('ingredient',85,'Steep special malt #1 to get those proteins',_binary '\0',7200,NULL,6),('ingredient',86,'Add 90% of the DME',_binary '\0',3600,NULL,6),('ingredient',87,'Raise that pH',_binary '\0',3600,NULL,6),('ingredient',88,'Get that chocolatiness',_binary '\0',-40000,NULL,6),('ingredient',89,'Sterilize your wort',_binary '\0',-360000,NULL,6),('ingredient',90,'Wait for wort to drop below 24 C',_binary '',0,NULL,6),('ingredient',91,'Mix in a lager yeast',_binary '',-200,NULL,6),('ingredient',92,'A third and final yeast for good measure',_binary '',-4000,NULL,6),('note',93,'Totam placeat ut ut ut.',_binary '',3600,NULL,6),('temperature',94,'This temp makes everything taste good.',_binary '\0',3400,33.33,6),('temperature',95,'This temp makes everything taste bad.',_binary '\0',300,50.33,6),('temperature',96,'This temp makes everything taste okay.',_binary '\0',-10000,0.33,6),('ingredient',97,'Adding the hops now will add bitterness',_binary '\0',3500,NULL,7),('ingredient',98,'Aroma hops',_binary '\0',300,NULL,7),('ingredient',99,'Even more aroma',_binary '\0',0,NULL,7),('ingredient',100,'Add extra DME',_binary '\0',1800,NULL,7),('ingredient',101,'Steep special malt #1 to get those proteins',_binary '\0',7200,NULL,7),('ingredient',102,'Add 90% of the DME',_binary '\0',3600,NULL,7),('ingredient',103,'Raise that pH',_binary '\0',3600,NULL,7),('ingredient',104,'Get that chocolatiness',_binary '\0',-40000,NULL,7),('ingredient',105,'Sterilize your wort',_binary '\0',-360000,NULL,7),('ingredient',106,'Wait for wort to drop below 24 C',_binary '',0,NULL,7),('ingredient',107,'Mix in a lager yeast',_binary '',-200,NULL,7),('ingredient',108,'A third and final yeast for good measure',_binary '',-4000,NULL,7),('note',109,'Nobis suscipit rerum voluptatibus nam perspiciatis officia.',_binary '',3600,NULL,7),('temperature',110,'This temp makes everything taste good.',_binary '\0',3400,33.33,7),('temperature',111,'This temp makes everything taste bad.',_binary '\0',300,50.33,7),('temperature',112,'This temp makes everything taste okay.',_binary '\0',-10000,0.33,7),('ingredient',113,'Adding the hops now will add bitterness',_binary '\0',3500,NULL,8),('ingredient',114,'Aroma hops',_binary '\0',300,NULL,8),('ingredient',115,'Even more aroma',_binary '\0',0,NULL,8),('ingredient',116,'Add extra DME',_binary '\0',1800,NULL,8),('ingredient',117,'Steep special malt #1 to get those proteins',_binary '\0',7200,NULL,8),('ingredient',118,'Add 90% of the DME',_binary '\0',3600,NULL,8),('ingredient',119,'Raise that pH',_binary '\0',3600,NULL,8),('ingredient',120,'Get that chocolatiness',_binary '\0',-40000,NULL,8),('ingredient',121,'Sterilize your wort',_binary '\0',-360000,NULL,8),('ingredient',122,'Wait for wort to drop below 24 C',_binary '',0,NULL,8),('ingredient',123,'Mix in a lager yeast',_binary '',-200,NULL,8),('ingredient',124,'A third and final yeast for good measure',_binary '',-4000,NULL,8),('note',125,'Reprehenderit tempora rerum culpa rerum a ut.',_binary '',3600,NULL,8),('temperature',126,'This temp makes everything taste good.',_binary '\0',3400,33.33,8),('temperature',127,'This temp makes everything taste bad.',_binary '\0',300,50.33,8),('temperature',128,'This temp makes everything taste okay.',_binary '\0',-10000,0.33,8),('ingredient',129,'Adding the hops now will add bitterness',_binary '\0',3500,NULL,9),('ingredient',130,'Aroma hops',_binary '\0',300,NULL,9),('ingredient',131,'Even more aroma',_binary '\0',0,NULL,9),('ingredient',132,'Add extra DME',_binary '\0',1800,NULL,9),('ingredient',133,'Steep special malt #1 to get those proteins',_binary '\0',7200,NULL,9),('ingredient',134,'Add 90% of the DME',_binary '\0',3600,NULL,9),('ingredient',135,'Raise that pH',_binary '\0',3600,NULL,9),('ingredient',136,'Get that chocolatiness',_binary '\0',-40000,NULL,9),('ingredient',137,'Sterilize your wort',_binary '\0',-360000,NULL,9),('ingredient',138,'Wait for wort to drop below 24 C',_binary '',0,NULL,9),('ingredient',139,'Mix in a lager yeast',_binary '',-200,NULL,9),('ingredient',140,'A third and final yeast for good measure',_binary '',-4000,NULL,9),('note',141,'Ea quam consequatur.',_binary '',3600,NULL,9),('temperature',142,'This temp makes everything taste good.',_binary '\0',3400,33.33,9),('temperature',143,'This temp makes everything taste bad.',_binary '\0',300,50.33,9),('temperature',144,'This temp makes everything taste okay.',_binary '\0',-10000,0.33,9),('ingredient',145,'Adding the hops now will add bitterness',_binary '\0',3500,NULL,10),('ingredient',146,'Aroma hops',_binary '\0',300,NULL,10),('ingredient',147,'Even more aroma',_binary '\0',0,NULL,10),('ingredient',148,'Add extra DME',_binary '\0',1800,NULL,10),('ingredient',149,'Steep special malt #1 to get those proteins',_binary '\0',7200,NULL,10),('ingredient',150,'Add 90% of the DME',_binary '\0',3600,NULL,10),('ingredient',151,'Raise that pH',_binary '\0',3600,NULL,10),('ingredient',152,'Get that chocolatiness',_binary '\0',-40000,NULL,10),('ingredient',153,'Sterilize your wort',_binary '\0',-360000,NULL,10),('ingredient',154,'Wait for wort to drop below 24 C',_binary '',0,NULL,10),('ingredient',155,'Mix in a lager yeast',_binary '',-200,NULL,10),('ingredient',156,'A third and final yeast for good measure',_binary '',-4000,NULL,10),('note',157,'Sint et doloremque aut consequatur pariatur consequatur.',_binary '',3600,NULL,10),('temperature',158,'This temp makes everything taste good.',_binary '\0',3400,33.33,10),('temperature',159,'This temp makes everything taste bad.',_binary '\0',300,50.33,10),('temperature',160,'This temp makes everything taste okay.',_binary '\0',-10000,0.33,10),('ingredient',161,'Adding the hops now will add bitterness',_binary '\0',3500,NULL,11),('ingredient',162,'Aroma hops',_binary '\0',300,NULL,11),('ingredient',163,'Even more aroma',_binary '\0',0,NULL,11),('ingredient',164,'Add extra DME',_binary '\0',1800,NULL,11),('ingredient',165,'Steep special malt #1 to get those proteins',_binary '\0',7200,NULL,11),('ingredient',166,'Add 90% of the DME',_binary '\0',3600,NULL,11),('ingredient',167,'Raise that pH',_binary '\0',3600,NULL,11),('ingredient',168,'Get that chocolatiness',_binary '\0',-40000,NULL,11),('ingredient',169,'Sterilize your wort',_binary '\0',-360000,NULL,11),('ingredient',170,'Wait for wort to drop below 24 C',_binary '',0,NULL,11),('ingredient',171,'Mix in a lager yeast',_binary '',-200,NULL,11),('ingredient',172,'A third and final yeast for good measure',_binary '',-4000,NULL,11),('note',173,'Aperiam rerum corrupti.',_binary '',3600,NULL,11),('temperature',174,'This temp makes everything taste good.',_binary '\0',3400,33.33,11),('temperature',175,'This temp makes everything taste bad.',_binary '\0',300,50.33,11),('temperature',176,'This temp makes everything taste okay.',_binary '\0',-10000,0.33,11);
/*!40000 ALTER TABLE `recipe_event` ENABLE KEYS */;
UNLOCK TABLES;

--
-- Table structure for table `refresh_token`
--

DROP TABLE IF EXISTS `refresh_token`;
/*!40101 SET @saved_cs_client     = @@character_set_client */;
/*!50503 SET character_set_client = utf8 */;
CREATE TABLE `refresh_token` (
  `id` bigint NOT NULL,
  `expiry_date` date NOT NULL,
  `token` varchar(255) NOT NULL,
  `user_id` bigint NOT NULL,
  PRIMARY KEY (`id`),
  UNIQUE KEY `UK_r4k4edos30bx9neoq81mdvwph` (`token`),
  KEY `FKfgk1klcib7i15utalmcqo7krt` (`user_id`),
  CONSTRAINT `FKfgk1klcib7i15utalmcqo7krt` FOREIGN KEY (`user_id`) REFERENCES `user` (`id`)
) ENGINE=InnoDB DEFAULT CHARSET=utf8 COLLATE=utf8_general_ci;
/*!40101 SET character_set_client = @saved_cs_client */;

--
-- Dumping data for table `refresh_token`
--

LOCK TABLES `refresh_token` WRITE;
/*!40000 ALTER TABLE `refresh_token` DISABLE KEYS */;
/*!40000 ALTER TABLE `refresh_token` ENABLE KEYS */;
UNLOCK TABLES;

--
-- Table structure for table `role`
--

DROP TABLE IF EXISTS `role`;
/*!40101 SET @saved_cs_client     = @@character_set_client */;
/*!50503 SET character_set_client = utf8 */;
CREATE TABLE `role` (
  `id` bigint NOT NULL AUTO_INCREMENT,
  `name` varchar(20) DEFAULT NULL,
  PRIMARY KEY (`id`)
) ENGINE=InnoDB AUTO_INCREMENT=5 DEFAULT CHARSET=utf8 COLLATE=utf8_general_ci;
/*!40101 SET character_set_client = @saved_cs_client */;

--
-- Dumping data for table `role`
--

LOCK TABLES `role` WRITE;
/*!40000 ALTER TABLE `role` DISABLE KEYS */;
INSERT INTO `role` VALUES (1,'ROLE_USER'),(2,'ROLE_EXPERT'),(3,'ROLE_ADMIN'),(4,'ROLE_MODERATOR');
/*!40000 ALTER TABLE `role` ENABLE KEYS */;
UNLOCK TABLES;

--
-- Table structure for table `scheduling`
--

DROP TABLE IF EXISTS `scheduling`;
/*!40101 SET @saved_cs_client     = @@character_set_client */;
/*!50503 SET character_set_client = utf8 */;
CREATE TABLE `scheduling` (
  `id` bigint NOT NULL AUTO_INCREMENT,
  `created_date` datetime(6) DEFAULT NULL,
  `recipe_id` bigint DEFAULT NULL,
  `user_id` bigint DEFAULT NULL,
  PRIMARY KEY (`id`),
  KEY `FKcwir0k135w1o8y1hxyauyo9ro` (`recipe_id`),
  KEY `FKrvbe4ivrug8qsqkhy0rc6uk6g` (`user_id`),
  CONSTRAINT `FKcwir0k135w1o8y1hxyauyo9ro` FOREIGN KEY (`recipe_id`) REFERENCES `recipe` (`id`),
  CONSTRAINT `FKrvbe4ivrug8qsqkhy0rc6uk6g` FOREIGN KEY (`user_id`) REFERENCES `user` (`id`)
) ENGINE=InnoDB AUTO_INCREMENT=34 DEFAULT CHARSET=utf8 COLLATE=utf8_general_ci;
/*!40101 SET character_set_client = @saved_cs_client */;

--
-- Dumping data for table `scheduling`
--

LOCK TABLES `scheduling` WRITE;
/*!40000 ALTER TABLE `scheduling` DISABLE KEYS */;
INSERT INTO `scheduling` VALUES (1,'2022-04-05 07:20:33.506000',1,1),(2,'2022-04-05 07:20:33.511000',1,1),(3,'2022-04-05 07:20:33.513000',1,1),(4,'2022-04-05 07:20:34.232000',2,2),(5,'2022-04-05 07:20:34.234000',2,2),(6,'2022-04-05 07:20:34.236000',2,2),(7,'2022-04-05 07:20:34.852000',3,3),(8,'2022-04-05 07:20:34.856000',3,3),(9,'2022-04-05 07:20:34.858000',3,3),(10,'2022-04-05 07:20:35.433000',4,4),(11,'2022-04-05 07:20:35.435000',4,4),(12,'2022-04-05 07:20:35.437000',4,4),(13,'2022-04-05 07:20:36.042000',5,5),(14,'2022-04-05 07:20:36.043000',5,5),(15,'2022-04-05 07:20:36.045000',5,5),(16,'2022-04-05 07:20:36.582000',6,6),(17,'2022-04-05 07:20:36.584000',6,6),(18,'2022-04-05 07:20:36.585000',6,6),(19,'2022-04-05 07:20:37.135000',7,7),(20,'2022-04-05 07:20:37.136000',7,7),(21,'2022-04-05 07:20:37.138000',7,7),(22,'2022-04-05 07:20:37.704000',8,8),(23,'2022-04-05 07:20:37.708000',8,8),(24,'2022-04-05 07:20:37.709000',8,8),(25,'2022-04-05 07:20:38.297000',9,9),(26,'2022-04-05 07:20:38.299000',9,9),(27,'2022-04-05 07:20:38.300000',9,9),(28,'2022-04-05 07:20:38.843000',10,10),(29,'2022-04-05 07:20:38.845000',10,10),(30,'2022-04-05 07:20:38.847000',10,10),(31,'2022-04-05 07:20:39.381000',11,11),(32,'2022-04-05 07:20:39.383000',11,11),(33,'2022-04-05 07:20:39.384000',11,11);
/*!40000 ALTER TABLE `scheduling` ENABLE KEYS */;
UNLOCK TABLES;

--
-- Table structure for table `to_brew`
--

DROP TABLE IF EXISTS `to_brew`;
/*!40101 SET @saved_cs_client     = @@character_set_client */;
/*!50503 SET character_set_client = utf8 */;
CREATE TABLE `to_brew` (
  `id` bigint NOT NULL AUTO_INCREMENT,
  `created_date` datetime(6) DEFAULT NULL,
  `when_to_brew` datetime(6) DEFAULT NULL,
  `recipe_id` bigint DEFAULT NULL,
  `user_id` bigint DEFAULT NULL,
  PRIMARY KEY (`id`),
  KEY `FKkpat6mm7c52bnk6l3flx5h4fb` (`recipe_id`),
  KEY `FKkxa2cd3teostyr0vfx3cor9qj` (`user_id`),
  CONSTRAINT `FKkpat6mm7c52bnk6l3flx5h4fb` FOREIGN KEY (`recipe_id`) REFERENCES `recipe` (`id`),
  CONSTRAINT `FKkxa2cd3teostyr0vfx3cor9qj` FOREIGN KEY (`user_id`) REFERENCES `user` (`id`)
) ENGINE=InnoDB AUTO_INCREMENT=34 DEFAULT CHARSET=utf8 COLLATE=utf8_general_ci;
/*!40101 SET character_set_client = @saved_cs_client */;

--
-- Dumping data for table `to_brew`
--

LOCK TABLES `to_brew` WRITE;
/*!40000 ALTER TABLE `to_brew` DISABLE KEYS */;
INSERT INTO `to_brew` VALUES (1,'2022-04-05 07:20:33.527000','2022-04-05 07:20:33.527000',1,1),(2,'2022-04-05 07:20:33.530000','2022-04-05 07:20:33.527000',1,1),(3,'2022-04-05 07:20:33.532000','2022-04-05 07:20:33.527000',1,1),(4,'2022-04-05 07:20:34.250000','2022-04-05 07:20:34.250000',2,2),(5,'2022-04-05 07:20:34.252000','2022-04-05 07:20:34.250000',2,2),(6,'2022-04-05 07:20:34.254000','2022-04-05 07:20:34.250000',2,2),(7,'2022-04-05 07:20:34.869000','2022-04-05 07:20:34.869000',3,3),(8,'2022-04-05 07:20:34.873000','2022-04-05 07:20:34.869000',3,3),(9,'2022-04-05 07:20:34.874000','2022-04-05 07:20:34.869000',3,3),(10,'2022-04-05 07:20:35.451000','2022-04-05 07:20:35.451000',4,4),(11,'2022-04-05 07:20:35.453000','2022-04-05 07:20:35.451000',4,4),(12,'2022-04-05 07:20:35.455000','2022-04-05 07:20:35.451000',4,4),(13,'2022-04-05 07:20:36.057000','2022-04-05 07:20:36.057000',5,5),(14,'2022-04-05 07:20:36.059000','2022-04-05 07:20:36.057000',5,5),(15,'2022-04-05 07:20:36.061000','2022-04-05 07:20:36.057000',5,5),(16,'2022-04-05 07:20:36.596000','2022-04-05 07:20:36.596000',6,6),(17,'2022-04-05 07:20:36.598000','2022-04-05 07:20:36.596000',6,6),(18,'2022-04-05 07:20:36.599000','2022-04-05 07:20:36.596000',6,6),(19,'2022-04-05 07:20:37.150000','2022-04-05 07:20:37.150000',7,7),(20,'2022-04-05 07:20:37.151000','2022-04-05 07:20:37.150000',7,7),(21,'2022-04-05 07:20:37.153000','2022-04-05 07:20:37.150000',7,7),(22,'2022-04-05 07:20:37.721000','2022-04-05 07:20:37.721000',8,8),(23,'2022-04-05 07:20:37.724000','2022-04-05 07:20:37.721000',8,8),(24,'2022-04-05 07:20:37.725000','2022-04-05 07:20:37.721000',8,8),(25,'2022-04-05 07:20:38.312000','2022-04-05 07:20:38.312000',9,9),(26,'2022-04-05 07:20:38.314000','2022-04-05 07:20:38.312000',9,9),(27,'2022-04-05 07:20:38.315000','2022-04-05 07:20:38.312000',9,9),(28,'2022-04-05 07:20:38.857000','2022-04-05 07:20:38.857000',10,10),(29,'2022-04-05 07:20:38.859000','2022-04-05 07:20:38.857000',10,10),(30,'2022-04-05 07:20:38.861000','2022-04-05 07:20:38.857000',10,10),(31,'2022-04-05 07:20:39.394000','2022-04-05 07:20:39.394000',11,11),(32,'2022-04-05 07:20:39.396000','2022-04-05 07:20:39.394000',11,11),(33,'2022-04-05 07:20:39.397000','2022-04-05 07:20:39.394000',11,11);
/*!40000 ALTER TABLE `to_brew` ENABLE KEYS */;
UNLOCK TABLES;

--
-- Table structure for table `user`
--

DROP TABLE IF EXISTS `user`;
/*!40101 SET @saved_cs_client     = @@character_set_client */;
/*!50503 SET character_set_client = utf8 */;
CREATE TABLE `user` (
  `id` bigint NOT NULL AUTO_INCREMENT,
  `created_date` datetime(6) DEFAULT NULL,
  `email` varchar(120) NOT NULL,
  `enabled` bit(1) DEFAULT NULL,
  `password` varchar(120) NOT NULL,
  `updated_date` datetime(6) DEFAULT NULL,
  `username` varchar(20) NOT NULL,
  `version` bigint DEFAULT NULL,
  PRIMARY KEY (`id`),
  UNIQUE KEY `UKsb8bbouer5wak8vyiiy4pf2bx` (`username`),
  UNIQUE KEY `UKob8kqyqqgmefl0aco34akdtpe` (`email`)
) ENGINE=InnoDB AUTO_INCREMENT=12 DEFAULT CHARSET=utf8 COLLATE=utf8_general_ci;
/*!40101 SET character_set_client = @saved_cs_client */;

--
-- Dumping data for table `user`
--

LOCK TABLES `user` WRITE;
/*!40000 ALTER TABLE `user` DISABLE KEYS */;
INSERT INTO `user` VALUES (1,'2022-04-05 07:20:33.378000','am9uaS5zYXVlckBob3RtYWlsLmNvbQ==',_binary '','$2a$10$.veBHZnsytXBQ.53eTqOsu8Tvq8CI8jiydJ.L/d.2biX3fSBRM0/m','2022-04-05 07:20:33.427000','iona.rohan',1),(2,'2022-04-05 07:20:34.155000','a2FyYS5iZXJuaGFyZEBnbWFpbC5jb20=',_binary '','$2a$10$H.3NJmMEcxTgZdGTP8rTg.nUIe01BmWPfmd/jb4sVJLviD5Mby/hS','2022-04-05 07:20:34.173000','robbi.ortiz',1),(3,'2022-04-05 07:20:34.777000','Y2hhZHdpY2suYmVpZXJAeWFob28uY29t',_binary '','$2a$10$rX2qZOcfjHQ/6FSmyctJ1u6jaKByPXs1rT0iesYou/71YHtsGfj96','2022-04-05 07:20:34.796000','savannah.donnelly',1),(4,'2022-04-05 07:20:35.357000','aGVucnkuZGlja2lAeWFob28uY29t',_binary '','$2a$10$xaFjTWYM8daBNDxojlcrAefGrfbkAIlJEROWo.jUAuv1zgEwbafta','2022-04-05 07:20:35.371000','kortney.kertzmann',1),(5,'2022-04-05 07:20:35.971000','ZGF5c2kua29ub3BlbHNraUBob3RtYWlsLmNvbQ==',_binary '','$2a$10$Tl/lW9CHXlanD87tD7WWquNheO0iJ7mj8SiyoMwlOgg5/WrxgTavu','2022-04-05 07:20:35.991000','kyung.zboncak',1),(6,'2022-04-05 07:20:36.516000','YWRpbmEuc2ltb25pc0B5YWhvby5jb20=',_binary '','$2a$10$8HKqEQZpSlcaZWx7WhwdE.03xhjQY4cEH4SorASBg9hVqP8QwHLBu','2022-04-05 07:20:36.533000','oscar.kuhlman',1),(7,'2022-04-05 07:20:37.069000','Y2xheXRvbi5zYXVlckBob3RtYWlsLmNvbQ==',_binary '','$2a$10$Ck2fXM9/NFvQD5ONB5iRCOM87XrJ9MC65FrzTYetmxOhpQtatwsLC','2022-04-05 07:20:37.086000','freeman.wuckert',1),(8,'2022-04-05 07:20:37.638000','Y29kaS5oZXJtYW5uQGhvdG1haWwuY29t',_binary '','$2a$10$e..mGq/zlDF3uxC/6Q1XVOTuJYWdmUWvxBlJhswLK.SXdompXDDLu','2022-04-05 07:20:37.656000','edwardo.stamm',1),(9,'2022-04-05 07:20:38.238000','amFubmV0LmFsdGVud2VydGhAaG90bWFpbC5jb20=',_binary '','$2a$10$uQiQan6Yhr.JlM/dWDNwG.6KfOqCMTM2EHrFLIaUvgNo0/wsP8P2m','2022-04-05 07:20:38.251000','eboni.ankunding',1),(10,'2022-04-05 07:20:38.780000','bHVpc2EubWlsbGVyQHlhaG9vLmNvbQ==',_binary '','$2a$10$r1d1uIMcfQQEeh0msQhVCuQrAMBpYrz/.d2StISfSIahacxjBJkYm','2022-04-05 07:20:38.793000','else.oreilly',1),(11,'2022-04-05 07:20:39.323000','ZmVybWluLnNpbW9uaXNAaG90bWFpbC5jb20=',_binary '','$2a$10$.FCe5wwjzfAwFYbI2hBN/.ciKajews7ABJmOt0AmRWEf79FkQCKba','2022-04-05 07:20:39.336000','randall.sauer',1);
/*!40000 ALTER TABLE `user` ENABLE KEYS */;
UNLOCK TABLES;

--
-- Table structure for table `user_roles`
--

DROP TABLE IF EXISTS `user_roles`;
/*!40101 SET @saved_cs_client     = @@character_set_client */;
/*!50503 SET character_set_client = utf8 */;
CREATE TABLE `user_roles` (
  `user_id` bigint NOT NULL,
  `role_id` bigint NOT NULL,
  PRIMARY KEY (`user_id`,`role_id`),
  KEY `FKrhfovtciq1l558cw6udg0h0d3` (`role_id`),
  CONSTRAINT `FK55itppkw3i07do3h7qoclqd4k` FOREIGN KEY (`user_id`) REFERENCES `user` (`id`),
  CONSTRAINT `FKrhfovtciq1l558cw6udg0h0d3` FOREIGN KEY (`role_id`) REFERENCES `role` (`id`)
) ENGINE=InnoDB DEFAULT CHARSET=utf8 COLLATE=utf8_general_ci;
/*!40101 SET character_set_client = @saved_cs_client */;

--
-- Dumping data for table `user_roles`
--

LOCK TABLES `user_roles` WRITE;
/*!40000 ALTER TABLE `user_roles` DISABLE KEYS */;
INSERT INTO `user_roles` VALUES (1,1),(2,1),(3,1),(4,1),(5,1),(6,1),(7,1),(8,1),(9,1),(10,1),(11,1),(1,2),(2,2),(4,2),(5,2),(8,2),(9,2),(11,2),(10,3);
/*!40000 ALTER TABLE `user_roles` ENABLE KEYS */;
UNLOCK TABLES;

--
-- Table structure for table `verification_token`
--

DROP TABLE IF EXISTS `verification_token`;
/*!40101 SET @saved_cs_client     = @@character_set_client */;
/*!50503 SET character_set_client = utf8 */;
CREATE TABLE `verification_token` (
  `id` bigint NOT NULL,
  `expiry_date` date NOT NULL,
  `token` varchar(255) NOT NULL,
  `user_id` bigint NOT NULL,
  PRIMARY KEY (`id`),
  UNIQUE KEY `UK_p678btf3r9yu6u8aevyb4ff0m` (`token`),
  KEY `FKrdn0mss276m9jdobfhhn2qogw` (`user_id`),
  CONSTRAINT `FKrdn0mss276m9jdobfhhn2qogw` FOREIGN KEY (`user_id`) REFERENCES `user` (`id`)
) ENGINE=InnoDB DEFAULT CHARSET=utf8 COLLATE=utf8_general_ci;
/*!40101 SET character_set_client = @saved_cs_client */;

--
-- Dumping data for table `verification_token`
--

LOCK TABLES `verification_token` WRITE;
/*!40000 ALTER TABLE `verification_token` DISABLE KEYS */;
/*!40000 ALTER TABLE `verification_token` ENABLE KEYS */;
UNLOCK TABLES;

--
-- Table structure for table `yeast`
--

DROP TABLE IF EXISTS `yeast`;
/*!40101 SET @saved_cs_client     = @@character_set_client */;
/*!50503 SET character_set_client = utf8 */;
CREATE TABLE `yeast` (
  `id` bigint NOT NULL,
  `brand` varchar(255) DEFAULT NULL,
  `description` text,
  `image` varchar(255) DEFAULT NULL,
  `name` varchar(255) DEFAULT NULL,
  `apparent_abv_tolerance` double DEFAULT NULL,
  `apparent_attenuation_high` double DEFAULT NULL,
  `apparent_attenuation_low` double DEFAULT NULL,
  `flocculation` varchar(255) DEFAULT NULL,
  `temperature_high` double DEFAULT NULL,
  `temperature_low` double DEFAULT NULL,
  `type` varchar(255) DEFAULT NULL,
  `place_id` bigint DEFAULT NULL,
  PRIMARY KEY (`id`),
  KEY `FKg6qte7tul3p06bcatos77vpvl` (`place_id`),
  CONSTRAINT `FKg6qte7tul3p06bcatos77vpvl` FOREIGN KEY (`place_id`) REFERENCES `place` (`id`)
) ENGINE=InnoDB DEFAULT CHARSET=utf8 COLLATE=utf8_general_ci;
/*!40101 SET character_set_client = @saved_cs_client */;

--
-- Dumping data for table `yeast`
--

LOCK TABLES `yeast` WRITE;
/*!40000 ALTER TABLE `yeast` DISABLE KEYS */;
INSERT INTO `yeast` VALUES (4,'Wyeast Labratories, Inc.','Very clean, crisp flavor characteristics with low fruitness and mild ester production. A very versatile yeast for styles that desire dominant malt and hop character. This strain makes a wonderful House strain. Mild citrus notes develop with cooler 60-66 F (15-19 C) fermentations. Normally requires filtration for bright beers.','https://morebeer-web-8-pavinthewaysoftw.netdna-ssl.com/product_image/morebeer/500x500/18723.jpg','American Ale',11,77,73,'Low Medium',22,16,'ale',1),(5,'Wyeast Labratories, Inc.','Very clean, crisp flavor characteristics with low fruitness and mild ester production. A very versatile yeast for styles that desire dominant malt and hop character. This strain makes a wonderful House strain. Mild citrus notes develop with cooler 60-66 F (15-19 C) fermentations. Normally requires filtration for bright beers.','https://morebeer-web-8-pavinthewaysoftw.netdna-ssl.com/product_image/morebeer/500x500/18723.jpg','American Ale',11,77,73,'Low Medium',22,16,'ale',NULL),(6,'Wyeast Labratories, Inc.','Very clean, crisp flavor characteristics with low fruitness and mild ester production. A very versatile yeast for styles that desire dominant malt and hop character. This strain makes a wonderful House strain. Mild citrus notes develop with cooler 60-66 F (15-19 C) fermentations. Normally requires filtration for bright beers.','https://morebeer-web-8-pavinthewaysoftw.netdna-ssl.com/product_image/morebeer/500x500/18723.jpg','American Ale',11,77,73,'Low Medium',22,16,'ale',NULL),(25,'Wyeast Labratories, Inc.','Very clean, crisp flavor characteristics with low fruitness and mild ester production. A very versatile yeast for styles that desire dominant malt and hop character. This strain makes a wonderful House strain. Mild citrus notes develop with cooler 60-66 F (15-19 C) fermentations. Normally requires filtration for bright beers.','https://morebeer-web-8-pavinthewaysoftw.netdna-ssl.com/product_image/morebeer/500x500/18723.jpg','American Ale',11,77,73,'Low Medium',22,16,'ale',2),(26,'Wyeast Labratories, Inc.','Very clean, crisp flavor characteristics with low fruitness and mild ester production. A very versatile yeast for styles that desire dominant malt and hop character. This strain makes a wonderful House strain. Mild citrus notes develop with cooler 60-66 F (15-19 C) fermentations. Normally requires filtration for bright beers.','https://morebeer-web-8-pavinthewaysoftw.netdna-ssl.com/product_image/morebeer/500x500/18723.jpg','American Ale',11,77,73,'Low Medium',22,16,'ale',NULL),(27,'Wyeast Labratories, Inc.','Very clean, crisp flavor characteristics with low fruitness and mild ester production. A very versatile yeast for styles that desire dominant malt and hop character. This strain makes a wonderful House strain. Mild citrus notes develop with cooler 60-66 F (15-19 C) fermentations. Normally requires filtration for bright beers.','https://morebeer-web-8-pavinthewaysoftw.netdna-ssl.com/product_image/morebeer/500x500/18723.jpg','American Ale',11,77,73,'Low Medium',22,16,'ale',NULL),(46,'Wyeast Labratories, Inc.','Very clean, crisp flavor characteristics with low fruitness and mild ester production. A very versatile yeast for styles that desire dominant malt and hop character. This strain makes a wonderful House strain. Mild citrus notes develop with cooler 60-66 F (15-19 C) fermentations. Normally requires filtration for bright beers.','https://morebeer-web-8-pavinthewaysoftw.netdna-ssl.com/product_image/morebeer/500x500/18723.jpg','American Ale',11,77,73,'Low Medium',22,16,'ale',3),(47,'Wyeast Labratories, Inc.','Very clean, crisp flavor characteristics with low fruitness and mild ester production. A very versatile yeast for styles that desire dominant malt and hop character. This strain makes a wonderful House strain. Mild citrus notes develop with cooler 60-66 F (15-19 C) fermentations. Normally requires filtration for bright beers.','https://morebeer-web-8-pavinthewaysoftw.netdna-ssl.com/product_image/morebeer/500x500/18723.jpg','American Ale',11,77,73,'Low Medium',22,16,'ale',NULL),(48,'Wyeast Labratories, Inc.','Very clean, crisp flavor characteristics with low fruitness and mild ester production. A very versatile yeast for styles that desire dominant malt and hop character. This strain makes a wonderful House strain. Mild citrus notes develop with cooler 60-66 F (15-19 C) fermentations. Normally requires filtration for bright beers.','https://morebeer-web-8-pavinthewaysoftw.netdna-ssl.com/product_image/morebeer/500x500/18723.jpg','American Ale',11,77,73,'Low Medium',22,16,'ale',NULL),(67,'Wyeast Labratories, Inc.','Very clean, crisp flavor characteristics with low fruitness and mild ester production. A very versatile yeast for styles that desire dominant malt and hop character. This strain makes a wonderful House strain. Mild citrus notes develop with cooler 60-66 F (15-19 C) fermentations. Normally requires filtration for bright beers.','https://morebeer-web-8-pavinthewaysoftw.netdna-ssl.com/product_image/morebeer/500x500/18723.jpg','American Ale',11,77,73,'Low Medium',22,16,'ale',4),(68,'Wyeast Labratories, Inc.','Very clean, crisp flavor characteristics with low fruitness and mild ester production. A very versatile yeast for styles that desire dominant malt and hop character. This strain makes a wonderful House strain. Mild citrus notes develop with cooler 60-66 F (15-19 C) fermentations. Normally requires filtration for bright beers.','https://morebeer-web-8-pavinthewaysoftw.netdna-ssl.com/product_image/morebeer/500x500/18723.jpg','American Ale',11,77,73,'Low Medium',22,16,'ale',NULL),(69,'Wyeast Labratories, Inc.','Very clean, crisp flavor characteristics with low fruitness and mild ester production. A very versatile yeast for styles that desire dominant malt and hop character. This strain makes a wonderful House strain. Mild citrus notes develop with cooler 60-66 F (15-19 C) fermentations. Normally requires filtration for bright beers.','https://morebeer-web-8-pavinthewaysoftw.netdna-ssl.com/product_image/morebeer/500x500/18723.jpg','American Ale',11,77,73,'Low Medium',22,16,'ale',NULL),(88,'Wyeast Labratories, Inc.','Very clean, crisp flavor characteristics with low fruitness and mild ester production. A very versatile yeast for styles that desire dominant malt and hop character. This strain makes a wonderful House strain. Mild citrus notes develop with cooler 60-66 F (15-19 C) fermentations. Normally requires filtration for bright beers.','https://morebeer-web-8-pavinthewaysoftw.netdna-ssl.com/product_image/morebeer/500x500/18723.jpg','American Ale',11,77,73,'Low Medium',22,16,'ale',5),(89,'Wyeast Labratories, Inc.','Very clean, crisp flavor characteristics with low fruitness and mild ester production. A very versatile yeast for styles that desire dominant malt and hop character. This strain makes a wonderful House strain. Mild citrus notes develop with cooler 60-66 F (15-19 C) fermentations. Normally requires filtration for bright beers.','https://morebeer-web-8-pavinthewaysoftw.netdna-ssl.com/product_image/morebeer/500x500/18723.jpg','American Ale',11,77,73,'Low Medium',22,16,'ale',NULL),(90,'Wyeast Labratories, Inc.','Very clean, crisp flavor characteristics with low fruitness and mild ester production. A very versatile yeast for styles that desire dominant malt and hop character. This strain makes a wonderful House strain. Mild citrus notes develop with cooler 60-66 F (15-19 C) fermentations. Normally requires filtration for bright beers.','https://morebeer-web-8-pavinthewaysoftw.netdna-ssl.com/product_image/morebeer/500x500/18723.jpg','American Ale',11,77,73,'Low Medium',22,16,'ale',NULL),(109,'Wyeast Labratories, Inc.','Very clean, crisp flavor characteristics with low fruitness and mild ester production. A very versatile yeast for styles that desire dominant malt and hop character. This strain makes a wonderful House strain. Mild citrus notes develop with cooler 60-66 F (15-19 C) fermentations. Normally requires filtration for bright beers.','https://morebeer-web-8-pavinthewaysoftw.netdna-ssl.com/product_image/morebeer/500x500/18723.jpg','American Ale',11,77,73,'Low Medium',22,16,'ale',6),(110,'Wyeast Labratories, Inc.','Very clean, crisp flavor characteristics with low fruitness and mild ester production. A very versatile yeast for styles that desire dominant malt and hop character. This strain makes a wonderful House strain. Mild citrus notes develop with cooler 60-66 F (15-19 C) fermentations. Normally requires filtration for bright beers.','https://morebeer-web-8-pavinthewaysoftw.netdna-ssl.com/product_image/morebeer/500x500/18723.jpg','American Ale',11,77,73,'Low Medium',22,16,'ale',NULL),(111,'Wyeast Labratories, Inc.','Very clean, crisp flavor characteristics with low fruitness and mild ester production. A very versatile yeast for styles that desire dominant malt and hop character. This strain makes a wonderful House strain. Mild citrus notes develop with cooler 60-66 F (15-19 C) fermentations. Normally requires filtration for bright beers.','https://morebeer-web-8-pavinthewaysoftw.netdna-ssl.com/product_image/morebeer/500x500/18723.jpg','American Ale',11,77,73,'Low Medium',22,16,'ale',NULL),(130,'Wyeast Labratories, Inc.','Very clean, crisp flavor characteristics with low fruitness and mild ester production. A very versatile yeast for styles that desire dominant malt and hop character. This strain makes a wonderful House strain. Mild citrus notes develop with cooler 60-66 F (15-19 C) fermentations. Normally requires filtration for bright beers.','https://morebeer-web-8-pavinthewaysoftw.netdna-ssl.com/product_image/morebeer/500x500/18723.jpg','American Ale',11,77,73,'Low Medium',22,16,'ale',7),(131,'Wyeast Labratories, Inc.','Very clean, crisp flavor characteristics with low fruitness and mild ester production. A very versatile yeast for styles that desire dominant malt and hop character. This strain makes a wonderful House strain. Mild citrus notes develop with cooler 60-66 F (15-19 C) fermentations. Normally requires filtration for bright beers.','https://morebeer-web-8-pavinthewaysoftw.netdna-ssl.com/product_image/morebeer/500x500/18723.jpg','American Ale',11,77,73,'Low Medium',22,16,'ale',NULL),(132,'Wyeast Labratories, Inc.','Very clean, crisp flavor characteristics with low fruitness and mild ester production. A very versatile yeast for styles that desire dominant malt and hop character. This strain makes a wonderful House strain. Mild citrus notes develop with cooler 60-66 F (15-19 C) fermentations. Normally requires filtration for bright beers.','https://morebeer-web-8-pavinthewaysoftw.netdna-ssl.com/product_image/morebeer/500x500/18723.jpg','American Ale',11,77,73,'Low Medium',22,16,'ale',NULL),(151,'Wyeast Labratories, Inc.','Very clean, crisp flavor characteristics with low fruitness and mild ester production. A very versatile yeast for styles that desire dominant malt and hop character. This strain makes a wonderful House strain. Mild citrus notes develop with cooler 60-66 F (15-19 C) fermentations. Normally requires filtration for bright beers.','https://morebeer-web-8-pavinthewaysoftw.netdna-ssl.com/product_image/morebeer/500x500/18723.jpg','American Ale',11,77,73,'Low Medium',22,16,'ale',8),(152,'Wyeast Labratories, Inc.','Very clean, crisp flavor characteristics with low fruitness and mild ester production. A very versatile yeast for styles that desire dominant malt and hop character. This strain makes a wonderful House strain. Mild citrus notes develop with cooler 60-66 F (15-19 C) fermentations. Normally requires filtration for bright beers.','https://morebeer-web-8-pavinthewaysoftw.netdna-ssl.com/product_image/morebeer/500x500/18723.jpg','American Ale',11,77,73,'Low Medium',22,16,'ale',NULL),(153,'Wyeast Labratories, Inc.','Very clean, crisp flavor characteristics with low fruitness and mild ester production. A very versatile yeast for styles that desire dominant malt and hop character. This strain makes a wonderful House strain. Mild citrus notes develop with cooler 60-66 F (15-19 C) fermentations. Normally requires filtration for bright beers.','https://morebeer-web-8-pavinthewaysoftw.netdna-ssl.com/product_image/morebeer/500x500/18723.jpg','American Ale',11,77,73,'Low Medium',22,16,'ale',NULL),(172,'Wyeast Labratories, Inc.','Very clean, crisp flavor characteristics with low fruitness and mild ester production. A very versatile yeast for styles that desire dominant malt and hop character. This strain makes a wonderful House strain. Mild citrus notes develop with cooler 60-66 F (15-19 C) fermentations. Normally requires filtration for bright beers.','https://morebeer-web-8-pavinthewaysoftw.netdna-ssl.com/product_image/morebeer/500x500/18723.jpg','American Ale',11,77,73,'Low Medium',22,16,'ale',9),(173,'Wyeast Labratories, Inc.','Very clean, crisp flavor characteristics with low fruitness and mild ester production. A very versatile yeast for styles that desire dominant malt and hop character. This strain makes a wonderful House strain. Mild citrus notes develop with cooler 60-66 F (15-19 C) fermentations. Normally requires filtration for bright beers.','https://morebeer-web-8-pavinthewaysoftw.netdna-ssl.com/product_image/morebeer/500x500/18723.jpg','American Ale',11,77,73,'Low Medium',22,16,'ale',NULL),(174,'Wyeast Labratories, Inc.','Very clean, crisp flavor characteristics with low fruitness and mild ester production. A very versatile yeast for styles that desire dominant malt and hop character. This strain makes a wonderful House strain. Mild citrus notes develop with cooler 60-66 F (15-19 C) fermentations. Normally requires filtration for bright beers.','https://morebeer-web-8-pavinthewaysoftw.netdna-ssl.com/product_image/morebeer/500x500/18723.jpg','American Ale',11,77,73,'Low Medium',22,16,'ale',NULL),(193,'Wyeast Labratories, Inc.','Very clean, crisp flavor characteristics with low fruitness and mild ester production. A very versatile yeast for styles that desire dominant malt and hop character. This strain makes a wonderful House strain. Mild citrus notes develop with cooler 60-66 F (15-19 C) fermentations. Normally requires filtration for bright beers.','https://morebeer-web-8-pavinthewaysoftw.netdna-ssl.com/product_image/morebeer/500x500/18723.jpg','American Ale',11,77,73,'Low Medium',22,16,'ale',10),(194,'Wyeast Labratories, Inc.','Very clean, crisp flavor characteristics with low fruitness and mild ester production. A very versatile yeast for styles that desire dominant malt and hop character. This strain makes a wonderful House strain. Mild citrus notes develop with cooler 60-66 F (15-19 C) fermentations. Normally requires filtration for bright beers.','https://morebeer-web-8-pavinthewaysoftw.netdna-ssl.com/product_image/morebeer/500x500/18723.jpg','American Ale',11,77,73,'Low Medium',22,16,'ale',NULL),(195,'Wyeast Labratories, Inc.','Very clean, crisp flavor characteristics with low fruitness and mild ester production. A very versatile yeast for styles that desire dominant malt and hop character. This strain makes a wonderful House strain. Mild citrus notes develop with cooler 60-66 F (15-19 C) fermentations. Normally requires filtration for bright beers.','https://morebeer-web-8-pavinthewaysoftw.netdna-ssl.com/product_image/morebeer/500x500/18723.jpg','American Ale',11,77,73,'Low Medium',22,16,'ale',NULL),(214,'Wyeast Labratories, Inc.','Very clean, crisp flavor characteristics with low fruitness and mild ester production. A very versatile yeast for styles that desire dominant malt and hop character. This strain makes a wonderful House strain. Mild citrus notes develop with cooler 60-66 F (15-19 C) fermentations. Normally requires filtration for bright beers.','https://morebeer-web-8-pavinthewaysoftw.netdna-ssl.com/product_image/morebeer/500x500/18723.jpg','American Ale',11,77,73,'Low Medium',22,16,'ale',11),(215,'Wyeast Labratories, Inc.','Very clean, crisp flavor characteristics with low fruitness and mild ester production. A very versatile yeast for styles that desire dominant malt and hop character. This strain makes a wonderful House strain. Mild citrus notes develop with cooler 60-66 F (15-19 C) fermentations. Normally requires filtration for bright beers.','https://morebeer-web-8-pavinthewaysoftw.netdna-ssl.com/product_image/morebeer/500x500/18723.jpg','American Ale',11,77,73,'Low Medium',22,16,'ale',NULL),(216,'Wyeast Labratories, Inc.','Very clean, crisp flavor characteristics with low fruitness and mild ester production. A very versatile yeast for styles that desire dominant malt and hop character. This strain makes a wonderful House strain. Mild citrus notes develop with cooler 60-66 F (15-19 C) fermentations. Normally requires filtration for bright beers.','https://morebeer-web-8-pavinthewaysoftw.netdna-ssl.com/product_image/morebeer/500x500/18723.jpg','American Ale',11,77,73,'Low Medium',22,16,'ale',NULL);
/*!40000 ALTER TABLE `yeast` ENABLE KEYS */;
UNLOCK TABLES;
/*!40103 SET TIME_ZONE=@OLD_TIME_ZONE */;

/*!40101 SET SQL_MODE=@OLD_SQL_MODE */;
/*!40014 SET FOREIGN_KEY_CHECKS=@OLD_FOREIGN_KEY_CHECKS */;
/*!40014 SET UNIQUE_CHECKS=@OLD_UNIQUE_CHECKS */;
/*!40101 SET CHARACTER_SET_CLIENT=@OLD_CHARACTER_SET_CLIENT */;
/*!40101 SET CHARACTER_SET_RESULTS=@OLD_CHARACTER_SET_RESULTS */;
/*!40101 SET COLLATION_CONNECTION=@OLD_COLLATION_CONNECTION */;
/*!40111 SET SQL_NOTES=@OLD_SQL_NOTES */;

-- Dump completed on 2022-04-05 16:24:58
